SET session_replication_role = replica;

--
-- PostgreSQL database dump
--

-- Dumped from database version 17.4
-- Dumped by pg_dump version 17.4

SET statement_timeout = 0;
SET lock_timeout = 0;
SET idle_in_transaction_session_timeout = 0;
SET transaction_timeout = 0;
SET client_encoding = 'UTF8';
SET standard_conforming_strings = on;
SELECT pg_catalog.set_config('search_path', '', false);
SET check_function_bodies = false;
SET xmloption = content;
SET client_min_messages = warning;
SET row_security = off;

--
-- Data for Name: audit_log_entries; Type: TABLE DATA; Schema: auth; Owner: supabase_auth_admin
--

INSERT INTO "auth"."audit_log_entries" ("instance_id", "id", "payload", "created_at", "ip_address") VALUES
	('00000000-0000-0000-0000-000000000000', '27692851-bc33-4e19-a0ca-93478901c92b', '{"action":"user_signedup","actor_id":"00000000-0000-0000-0000-000000000000","actor_username":"service_role","actor_via_sso":false,"log_type":"team","traits":{"user_email":"edmundelvis0119@gmail.com","user_id":"d5b59ab4-1248-49dd-8d99-c300986f55bf","user_phone":""}}', '2025-06-06 08:02:55.595367+00', ''),
	('00000000-0000-0000-0000-000000000000', '057faaab-718b-462b-8e9d-fe8e9deeb590', '{"action":"user_confirmation_requested","actor_id":"df42e2f2-9280-4755-8430-07d86978cb0d","actor_username":"archieyumdumb@gmail.com","actor_via_sso":false,"log_type":"user","traits":{"provider":"email"}}', '2025-06-10 05:46:38.090987+00', ''),
	('00000000-0000-0000-0000-000000000000', 'd2d50d88-9171-4171-b126-2b5557ac8b9f', '{"action":"user_signedup","actor_id":"df42e2f2-9280-4755-8430-07d86978cb0d","actor_username":"archieyumdumb@gmail.com","actor_via_sso":false,"log_type":"team"}', '2025-06-10 05:47:02.168684+00', ''),
	('00000000-0000-0000-0000-000000000000', 'a73082cd-8d87-4233-9290-4d3f8c6546d2', '{"action":"login","actor_id":"df42e2f2-9280-4755-8430-07d86978cb0d","actor_username":"archieyumdumb@gmail.com","actor_via_sso":false,"log_type":"account","traits":{"provider":"email"}}', '2025-06-10 05:47:13.419631+00', ''),
	('00000000-0000-0000-0000-000000000000', '070794fb-8ede-422b-a17a-826dc394a47c', '{"action":"login","actor_id":"df42e2f2-9280-4755-8430-07d86978cb0d","actor_username":"archieyumdumb@gmail.com","actor_via_sso":false,"log_type":"account","traits":{"provider":"email"}}', '2025-06-10 05:47:32.344198+00', ''),
	('00000000-0000-0000-0000-000000000000', '4e9aa61d-8c12-48ac-9ef8-b5bbe13d0e77', '{"action":"login","actor_id":"df42e2f2-9280-4755-8430-07d86978cb0d","actor_username":"archieyumdumb@gmail.com","actor_via_sso":false,"log_type":"account","traits":{"provider":"email"}}', '2025-06-10 05:51:34.821784+00', ''),
	('00000000-0000-0000-0000-000000000000', '3735bc0f-2616-49a5-928f-b90093131f3b', '{"action":"login","actor_id":"df42e2f2-9280-4755-8430-07d86978cb0d","actor_username":"archieyumdumb@gmail.com","actor_via_sso":false,"log_type":"account","traits":{"provider":"email"}}', '2025-06-10 06:12:34.924938+00', ''),
	('00000000-0000-0000-0000-000000000000', '01f7ff32-f4d8-4e60-8bcc-0a26a6e4b483', '{"action":"user_repeated_signup","actor_id":"d5b59ab4-1248-49dd-8d99-c300986f55bf","actor_username":"edmundelvis0119@gmail.com","actor_via_sso":false,"log_type":"user","traits":{"provider":"email"}}', '2025-06-10 06:14:26.200354+00', ''),
	('00000000-0000-0000-0000-000000000000', '4a39ef86-3e44-47c2-b139-22702b6c11d9', '{"action":"login","actor_id":"df42e2f2-9280-4755-8430-07d86978cb0d","actor_username":"archieyumdumb@gmail.com","actor_via_sso":false,"log_type":"account","traits":{"provider":"email"}}', '2025-06-10 06:25:26.606498+00', ''),
	('00000000-0000-0000-0000-000000000000', 'a396741f-139e-4699-a1d8-e3cd292208c5', '{"action":"user_deleted","actor_id":"00000000-0000-0000-0000-000000000000","actor_username":"service_role","actor_via_sso":false,"log_type":"team","traits":{"user_email":"archieyumdumb@gmail.com","user_id":"df42e2f2-9280-4755-8430-07d86978cb0d","user_phone":""}}', '2025-06-10 06:35:52.743852+00', ''),
	('00000000-0000-0000-0000-000000000000', 'e41af4b8-74e2-4577-8b4d-6d9f217c10ac', '{"action":"user_confirmation_requested","actor_id":"490d1de1-3b47-46ff-a583-f99619759ea8","actor_username":"u2101680@siswa.um.edu.my","actor_via_sso":false,"log_type":"user","traits":{"provider":"email"}}', '2025-06-10 07:40:50.887238+00', ''),
	('00000000-0000-0000-0000-000000000000', '155d5b85-a188-4bae-bf00-c64ce0a912fe', '{"action":"user_signedup","actor_id":"490d1de1-3b47-46ff-a583-f99619759ea8","actor_username":"u2101680@siswa.um.edu.my","actor_via_sso":false,"log_type":"team"}', '2025-06-10 07:41:08.084531+00', ''),
	('00000000-0000-0000-0000-000000000000', '2e5a00cc-36f6-4c1c-aead-5908c697bdb4', '{"action":"login","actor_id":"490d1de1-3b47-46ff-a583-f99619759ea8","actor_username":"u2101680@siswa.um.edu.my","actor_via_sso":false,"log_type":"account","traits":{"provider":"email"}}', '2025-06-10 07:41:14.965716+00', ''),
	('00000000-0000-0000-0000-000000000000', 'f6025f55-f06f-4e7d-b706-4f415aea055c', '{"action":"logout","actor_id":"490d1de1-3b47-46ff-a583-f99619759ea8","actor_username":"u2101680@siswa.um.edu.my","actor_via_sso":false,"log_type":"account"}', '2025-06-10 07:43:19.444423+00', ''),
	('00000000-0000-0000-0000-000000000000', '71156f73-0831-4a0c-9db6-598f34cb5a02', '{"action":"user_confirmation_requested","actor_id":"723c72e3-9877-444b-a038-1fa35dbd2bfd","actor_username":"u2102340@siswa.um.edu.my","actor_via_sso":false,"log_type":"user","traits":{"provider":"email"}}', '2025-06-10 07:44:01.069574+00', ''),
	('00000000-0000-0000-0000-000000000000', '51a9a20b-001e-4994-a360-092967011c91', '{"action":"user_signedup","actor_id":"723c72e3-9877-444b-a038-1fa35dbd2bfd","actor_username":"u2102340@siswa.um.edu.my","actor_via_sso":false,"log_type":"team"}', '2025-06-10 07:44:36.253043+00', ''),
	('00000000-0000-0000-0000-000000000000', '02c0af1e-cc3b-49ac-a121-eba86c159190', '{"action":"login","actor_id":"723c72e3-9877-444b-a038-1fa35dbd2bfd","actor_username":"u2102340@siswa.um.edu.my","actor_via_sso":false,"log_type":"account","traits":{"provider":"email"}}', '2025-06-10 07:44:50.734611+00', ''),
	('00000000-0000-0000-0000-000000000000', 'f422735e-5a69-4c5b-bb99-1ea27bdbaec0', '{"action":"user_signedup","actor_id":"00000000-0000-0000-0000-000000000000","actor_username":"service_role","actor_via_sso":false,"log_type":"team","traits":{"user_email":"elvissawing.muran@gmail.com","user_id":"522bba50-ef3b-4fd7-b5d9-e0867c31a049","user_phone":""}}', '2025-06-10 07:51:25.959312+00', ''),
	('00000000-0000-0000-0000-000000000000', '0e2d244e-6480-4bdc-ae73-80529eabc09f', '{"action":"logout","actor_id":"723c72e3-9877-444b-a038-1fa35dbd2bfd","actor_username":"u2102340@siswa.um.edu.my","actor_via_sso":false,"log_type":"account"}', '2025-06-10 07:53:04.61042+00', ''),
	('00000000-0000-0000-0000-000000000000', '77016d3e-f02a-4279-aa93-ea6595132781', '{"action":"login","actor_id":"522bba50-ef3b-4fd7-b5d9-e0867c31a049","actor_username":"elvissawing.muran@gmail.com","actor_via_sso":false,"log_type":"account","traits":{"provider":"email"}}', '2025-06-10 07:53:11.289058+00', ''),
	('00000000-0000-0000-0000-000000000000', '579c0b9a-11b8-441d-908b-ae68510bb2d5', '{"action":"logout","actor_id":"522bba50-ef3b-4fd7-b5d9-e0867c31a049","actor_username":"elvissawing.muran@gmail.com","actor_via_sso":false,"log_type":"account"}', '2025-06-10 07:53:18.468866+00', ''),
	('00000000-0000-0000-0000-000000000000', '13a72dcf-3b0a-4376-a159-7441649a74c2', '{"action":"login","actor_id":"522bba50-ef3b-4fd7-b5d9-e0867c31a049","actor_username":"elvissawing.muran@gmail.com","actor_via_sso":false,"log_type":"account","traits":{"provider":"email"}}', '2025-06-10 07:53:43.840591+00', ''),
	('00000000-0000-0000-0000-000000000000', '10630dcb-2ad9-410c-ba79-c69c337918a9', '{"action":"logout","actor_id":"522bba50-ef3b-4fd7-b5d9-e0867c31a049","actor_username":"elvissawing.muran@gmail.com","actor_via_sso":false,"log_type":"account"}', '2025-06-10 07:58:23.12626+00', ''),
	('00000000-0000-0000-0000-000000000000', '6f89afb5-b92b-4552-b6e1-edefbd729163', '{"action":"login","actor_id":"522bba50-ef3b-4fd7-b5d9-e0867c31a049","actor_username":"elvissawing.muran@gmail.com","actor_via_sso":false,"log_type":"account","traits":{"provider":"email"}}', '2025-06-10 07:58:27.104208+00', ''),
	('00000000-0000-0000-0000-000000000000', 'c77cb140-8e7f-4bc4-a9a3-01a9bc04beab', '{"action":"logout","actor_id":"522bba50-ef3b-4fd7-b5d9-e0867c31a049","actor_username":"elvissawing.muran@gmail.com","actor_via_sso":false,"log_type":"account"}', '2025-06-10 08:03:51.796384+00', ''),
	('00000000-0000-0000-0000-000000000000', 'f0426324-4a8d-4fca-88fb-8430acbfa759', '{"action":"login","actor_id":"723c72e3-9877-444b-a038-1fa35dbd2bfd","actor_username":"u2102340@siswa.um.edu.my","actor_via_sso":false,"log_type":"account","traits":{"provider":"email"}}', '2025-06-10 08:03:59.999085+00', ''),
	('00000000-0000-0000-0000-000000000000', '76142f11-bd13-4b0d-a66b-349582101b6e', '{"action":"login","actor_id":"522bba50-ef3b-4fd7-b5d9-e0867c31a049","actor_username":"elvissawing.muran@gmail.com","actor_via_sso":false,"log_type":"account","traits":{"provider":"email"}}', '2025-06-10 08:25:08.594217+00', ''),
	('00000000-0000-0000-0000-000000000000', '14ba78b4-4077-4049-b04e-0ebbc76e430c', '{"action":"logout","actor_id":"522bba50-ef3b-4fd7-b5d9-e0867c31a049","actor_username":"elvissawing.muran@gmail.com","actor_via_sso":false,"log_type":"account"}', '2025-06-10 08:25:17.982399+00', ''),
	('00000000-0000-0000-0000-000000000000', '3c139711-85e5-4dff-9a0b-a951e417290b', '{"action":"login","actor_id":"522bba50-ef3b-4fd7-b5d9-e0867c31a049","actor_username":"elvissawing.muran@gmail.com","actor_via_sso":false,"log_type":"account","traits":{"provider":"email"}}', '2025-06-10 08:55:43.825156+00', ''),
	('00000000-0000-0000-0000-000000000000', '766d8517-8a11-48a3-9bd1-2b9ff8c58ec3', '{"action":"logout","actor_id":"522bba50-ef3b-4fd7-b5d9-e0867c31a049","actor_username":"elvissawing.muran@gmail.com","actor_via_sso":false,"log_type":"account"}', '2025-06-10 08:57:00.633314+00', ''),
	('00000000-0000-0000-0000-000000000000', '2696f4f8-19cc-4ad6-9fda-94a742755716', '{"action":"user_deleted","actor_id":"00000000-0000-0000-0000-000000000000","actor_username":"service_role","actor_via_sso":false,"log_type":"team","traits":{"user_email":"u2101680@siswa.um.edu.my","user_id":"490d1de1-3b47-46ff-a583-f99619759ea8","user_phone":""}}', '2025-06-10 09:39:36.79553+00', ''),
	('00000000-0000-0000-0000-000000000000', 'b44195b7-bc58-4ad1-b9f0-859d8b0f875c', '{"action":"login","actor_id":"522bba50-ef3b-4fd7-b5d9-e0867c31a049","actor_username":"elvissawing.muran@gmail.com","actor_via_sso":false,"log_type":"account","traits":{"provider":"email"}}', '2025-06-10 09:41:39.876254+00', ''),
	('00000000-0000-0000-0000-000000000000', '902200af-27df-4b8f-a7fd-7939040bdf9d', '{"action":"logout","actor_id":"522bba50-ef3b-4fd7-b5d9-e0867c31a049","actor_username":"elvissawing.muran@gmail.com","actor_via_sso":false,"log_type":"account"}', '2025-06-10 09:41:45.165723+00', ''),
	('00000000-0000-0000-0000-000000000000', '6bdfea6e-6cb6-40bf-989a-0e9d743d0ae7', '{"action":"login","actor_id":"522bba50-ef3b-4fd7-b5d9-e0867c31a049","actor_username":"elvissawing.muran@gmail.com","actor_via_sso":false,"log_type":"account","traits":{"provider":"email"}}', '2025-06-10 09:45:09.845896+00', ''),
	('00000000-0000-0000-0000-000000000000', 'a675df55-c4bd-4ecf-a07e-47208f6ea295', '{"action":"logout","actor_id":"522bba50-ef3b-4fd7-b5d9-e0867c31a049","actor_username":"elvissawing.muran@gmail.com","actor_via_sso":false,"log_type":"account"}', '2025-06-10 09:45:24.194648+00', ''),
	('00000000-0000-0000-0000-000000000000', '2e93517c-dd9f-4f24-b97e-13211f3cdfb4', '{"action":"user_confirmation_requested","actor_id":"450b20d2-6b88-4b10-9cef-2516230a77d0","actor_username":"u2101680@siswa.um.edu.my","actor_via_sso":false,"log_type":"user","traits":{"provider":"email"}}', '2025-06-10 10:06:44.514833+00', ''),
	('00000000-0000-0000-0000-000000000000', 'e86de939-505a-4ed6-b5fc-a8d132c7491c', '{"action":"user_confirmation_requested","actor_id":"9ac7dc7b-c5b7-4248-a435-29f3c3e38702","actor_username":"archieyumdumb@gmail.com","actor_via_sso":false,"log_type":"user","traits":{"provider":"email"}}', '2025-06-10 13:41:26.766252+00', ''),
	('00000000-0000-0000-0000-000000000000', '09f960cc-c673-4860-be69-6eebfd01608e', '{"action":"user_signedup","actor_id":"9ac7dc7b-c5b7-4248-a435-29f3c3e38702","actor_username":"archieyumdumb@gmail.com","actor_via_sso":false,"log_type":"team"}', '2025-06-10 13:42:10.626906+00', ''),
	('00000000-0000-0000-0000-000000000000', '0be94bd3-08d5-4507-a83d-1aa33e00fd18', '{"action":"login","actor_id":"9ac7dc7b-c5b7-4248-a435-29f3c3e38702","actor_username":"archieyumdumb@gmail.com","actor_via_sso":false,"log_type":"account","traits":{"provider":"email"}}', '2025-06-10 13:42:12.644419+00', ''),
	('00000000-0000-0000-0000-000000000000', '01a5ed4b-c6cf-4990-8cd3-fab58d48335e', '{"action":"user_deleted","actor_id":"00000000-0000-0000-0000-000000000000","actor_username":"service_role","actor_via_sso":false,"log_type":"team","traits":{"user_email":"elvissawing.muran@gmail.com","user_id":"522bba50-ef3b-4fd7-b5d9-e0867c31a049","user_phone":""}}', '2025-06-10 13:45:19.096557+00', ''),
	('00000000-0000-0000-0000-000000000000', '953a4803-1358-407d-93ca-f9fc2b4640dd', '{"action":"user_deleted","actor_id":"00000000-0000-0000-0000-000000000000","actor_username":"service_role","actor_via_sso":false,"log_type":"team","traits":{"user_email":"u2102340@siswa.um.edu.my","user_id":"723c72e3-9877-444b-a038-1fa35dbd2bfd","user_phone":""}}', '2025-06-10 13:45:19.110313+00', ''),
	('00000000-0000-0000-0000-000000000000', 'b6a96c1c-bae2-4ebe-965f-cea44e622c79', '{"action":"logout","actor_id":"9ac7dc7b-c5b7-4248-a435-29f3c3e38702","actor_username":"archieyumdumb@gmail.com","actor_via_sso":false,"log_type":"account"}', '2025-06-10 13:48:52.54824+00', ''),
	('00000000-0000-0000-0000-000000000000', '57e4f53e-42e8-4adc-9afc-4eeb67f5be9c', '{"action":"user_confirmation_requested","actor_id":"36deaa22-fb96-4124-a7d2-10293abb382b","actor_username":"elvissawing.muran@gmail.com","actor_via_sso":false,"log_type":"user","traits":{"provider":"email"}}', '2025-06-10 13:49:15.260558+00', ''),
	('00000000-0000-0000-0000-000000000000', 'a9b47785-aea8-419a-8d39-0611b6f87740', '{"action":"user_signedup","actor_id":"36deaa22-fb96-4124-a7d2-10293abb382b","actor_username":"elvissawing.muran@gmail.com","actor_via_sso":false,"log_type":"team"}', '2025-06-10 13:49:32.291433+00', ''),
	('00000000-0000-0000-0000-000000000000', '5d56423d-d34c-44c8-a757-265e0da86827', '{"action":"login","actor_id":"36deaa22-fb96-4124-a7d2-10293abb382b","actor_username":"elvissawing.muran@gmail.com","actor_via_sso":false,"log_type":"account","traits":{"provider":"email"}}', '2025-06-10 13:49:38.262794+00', ''),
	('00000000-0000-0000-0000-000000000000', '7a3c1eae-97c0-4ba5-a6b2-c6360e8cb84d', '{"action":"token_refreshed","actor_id":"36deaa22-fb96-4124-a7d2-10293abb382b","actor_username":"elvissawing.muran@gmail.com","actor_via_sso":false,"log_type":"token"}', '2025-06-11 02:16:06.620462+00', ''),
	('00000000-0000-0000-0000-000000000000', '4c4ec1ad-a3eb-4f6a-bc56-bd97881b2aa3', '{"action":"token_revoked","actor_id":"36deaa22-fb96-4124-a7d2-10293abb382b","actor_username":"elvissawing.muran@gmail.com","actor_via_sso":false,"log_type":"token"}', '2025-06-11 02:16:06.623924+00', ''),
	('00000000-0000-0000-0000-000000000000', '2492c44b-94ff-4943-8d90-e294c4400b20', '{"action":"login","actor_id":"36deaa22-fb96-4124-a7d2-10293abb382b","actor_username":"elvissawing.muran@gmail.com","actor_via_sso":false,"log_type":"account","traits":{"provider":"email"}}', '2025-06-11 02:17:00.832014+00', ''),
	('00000000-0000-0000-0000-000000000000', 'c432d29b-5ffe-4881-bc66-05e30fdc5bc0', '{"action":"login","actor_id":"36deaa22-fb96-4124-a7d2-10293abb382b","actor_username":"elvissawing.muran@gmail.com","actor_via_sso":false,"log_type":"account","traits":{"provider":"email"}}', '2025-06-11 02:33:21.440459+00', ''),
	('00000000-0000-0000-0000-000000000000', '2f9ddc95-fc1c-45e7-b6bb-c78419b91883', '{"action":"login","actor_id":"36deaa22-fb96-4124-a7d2-10293abb382b","actor_username":"elvissawing.muran@gmail.com","actor_via_sso":false,"log_type":"account","traits":{"provider":"email"}}', '2025-06-11 02:34:30.561068+00', ''),
	('00000000-0000-0000-0000-000000000000', '80c21e7b-73d4-4a50-ac06-541fd1a02946', '{"action":"logout","actor_id":"36deaa22-fb96-4124-a7d2-10293abb382b","actor_username":"elvissawing.muran@gmail.com","actor_via_sso":false,"log_type":"account"}', '2025-06-11 02:34:41.49456+00', ''),
	('00000000-0000-0000-0000-000000000000', 'f2b7b751-0fb9-439d-ae0c-b3d94521d030', '{"action":"login","actor_id":"9ac7dc7b-c5b7-4248-a435-29f3c3e38702","actor_username":"archieyumdumb@gmail.com","actor_via_sso":false,"log_type":"account","traits":{"provider":"email"}}', '2025-06-11 02:36:10.069665+00', ''),
	('00000000-0000-0000-0000-000000000000', 'aaf432dd-0af9-4ff3-a8f0-c847882abbcc', '{"action":"logout","actor_id":"9ac7dc7b-c5b7-4248-a435-29f3c3e38702","actor_username":"archieyumdumb@gmail.com","actor_via_sso":false,"log_type":"account"}', '2025-06-11 02:36:43.840289+00', ''),
	('00000000-0000-0000-0000-000000000000', '30753c26-bf6c-4938-9362-afbc9badb29e', '{"action":"login","actor_id":"36deaa22-fb96-4124-a7d2-10293abb382b","actor_username":"elvissawing.muran@gmail.com","actor_via_sso":false,"log_type":"account","traits":{"provider":"email"}}', '2025-06-11 02:36:48.124723+00', ''),
	('00000000-0000-0000-0000-000000000000', '3185f1d0-4e40-496f-b4b4-35cf6165583f', '{"action":"token_refreshed","actor_id":"36deaa22-fb96-4124-a7d2-10293abb382b","actor_username":"elvissawing.muran@gmail.com","actor_via_sso":false,"log_type":"token"}', '2025-06-11 08:43:56.372845+00', ''),
	('00000000-0000-0000-0000-000000000000', '6910eb24-b6bd-4d4e-b36d-21df5ec7e0dd', '{"action":"token_revoked","actor_id":"36deaa22-fb96-4124-a7d2-10293abb382b","actor_username":"elvissawing.muran@gmail.com","actor_via_sso":false,"log_type":"token"}', '2025-06-11 08:43:56.377923+00', ''),
	('00000000-0000-0000-0000-000000000000', '823c65dc-c2c0-4e6d-8fe4-c94ffaef268b', '{"action":"login","actor_id":"36deaa22-fb96-4124-a7d2-10293abb382b","actor_username":"elvissawing.muran@gmail.com","actor_via_sso":false,"log_type":"account","traits":{"provider":"email"}}', '2025-06-11 08:44:19.6935+00', ''),
	('00000000-0000-0000-0000-000000000000', 'daa541f0-bcc4-4f9b-b32d-52404845d862', '{"action":"logout","actor_id":"36deaa22-fb96-4124-a7d2-10293abb382b","actor_username":"elvissawing.muran@gmail.com","actor_via_sso":false,"log_type":"account"}', '2025-06-11 08:47:55.184205+00', ''),
	('00000000-0000-0000-0000-000000000000', 'd3fa4ec7-06e8-409d-b1ac-331ec61010ca', '{"action":"login","actor_id":"9ac7dc7b-c5b7-4248-a435-29f3c3e38702","actor_username":"archieyumdumb@gmail.com","actor_via_sso":false,"log_type":"account","traits":{"provider":"email"}}', '2025-06-11 08:47:59.254157+00', ''),
	('00000000-0000-0000-0000-000000000000', 'a8f5ae3d-e100-45c1-9ceb-701e0c26bb76', '{"action":"logout","actor_id":"9ac7dc7b-c5b7-4248-a435-29f3c3e38702","actor_username":"archieyumdumb@gmail.com","actor_via_sso":false,"log_type":"account"}', '2025-06-11 08:49:13.721307+00', ''),
	('00000000-0000-0000-0000-000000000000', '29ab50b4-1120-4eeb-9a6d-75a612caeb83', '{"action":"login","actor_id":"9ac7dc7b-c5b7-4248-a435-29f3c3e38702","actor_username":"archieyumdumb@gmail.com","actor_via_sso":false,"log_type":"account","traits":{"provider":"email"}}', '2025-06-11 08:55:34.045107+00', ''),
	('00000000-0000-0000-0000-000000000000', '360c9224-b508-4c65-a2fe-c92c96e78e44', '{"action":"logout","actor_id":"9ac7dc7b-c5b7-4248-a435-29f3c3e38702","actor_username":"archieyumdumb@gmail.com","actor_via_sso":false,"log_type":"account"}', '2025-06-11 08:58:59.591445+00', ''),
	('00000000-0000-0000-0000-000000000000', 'fef41529-64ca-465e-9c11-a6288f6d93e5', '{"action":"login","actor_id":"36deaa22-fb96-4124-a7d2-10293abb382b","actor_username":"elvissawing.muran@gmail.com","actor_via_sso":false,"log_type":"account","traits":{"provider":"email"}}', '2025-06-11 08:59:06.075613+00', ''),
	('00000000-0000-0000-0000-000000000000', '3b725faf-6cfe-4bd5-bee0-ba0c9fb8ce9a', '{"action":"logout","actor_id":"36deaa22-fb96-4124-a7d2-10293abb382b","actor_username":"elvissawing.muran@gmail.com","actor_via_sso":false,"log_type":"account"}', '2025-06-11 08:59:09.022935+00', ''),
	('00000000-0000-0000-0000-000000000000', '1ce716f9-5cc4-4b87-b75f-082867a0e07e', '{"action":"user_deleted","actor_id":"00000000-0000-0000-0000-000000000000","actor_username":"service_role","actor_via_sso":false,"log_type":"team","traits":{"user_email":"u2101680@siswa.um.edu.my","user_id":"450b20d2-6b88-4b10-9cef-2516230a77d0","user_phone":""}}', '2025-06-11 08:59:40.696358+00', ''),
	('00000000-0000-0000-0000-000000000000', '95b6a772-4a3a-4d2f-baae-f2110e6617f8', '{"action":"user_confirmation_requested","actor_id":"608a33e2-d7f4-4773-bf4a-fa0bfbb9bab2","actor_username":"u2101680@siswa.um.edu.my","actor_via_sso":false,"log_type":"user","traits":{"provider":"email"}}', '2025-06-11 08:59:53.554704+00', ''),
	('00000000-0000-0000-0000-000000000000', 'e6f503c5-ecda-4a89-9230-f1fe676da3ac', '{"action":"user_signedup","actor_id":"608a33e2-d7f4-4773-bf4a-fa0bfbb9bab2","actor_username":"u2101680@siswa.um.edu.my","actor_via_sso":false,"log_type":"team"}', '2025-06-11 09:00:03.834957+00', ''),
	('00000000-0000-0000-0000-000000000000', '59c53c78-efd5-4a5f-8f27-e846f8085046', '{"action":"login","actor_id":"608a33e2-d7f4-4773-bf4a-fa0bfbb9bab2","actor_username":"u2101680@siswa.um.edu.my","actor_via_sso":false,"log_type":"account","traits":{"provider":"email"}}', '2025-06-11 09:00:09.57348+00', ''),
	('00000000-0000-0000-0000-000000000000', 'c86523b6-64bc-4722-a83d-128b4fb10225', '{"action":"token_refreshed","actor_id":"608a33e2-d7f4-4773-bf4a-fa0bfbb9bab2","actor_username":"u2101680@siswa.um.edu.my","actor_via_sso":false,"log_type":"token"}', '2025-06-11 10:32:10.854585+00', ''),
	('00000000-0000-0000-0000-000000000000', '3e05f513-062d-4e40-964d-36cdc51b2c26', '{"action":"token_revoked","actor_id":"608a33e2-d7f4-4773-bf4a-fa0bfbb9bab2","actor_username":"u2101680@siswa.um.edu.my","actor_via_sso":false,"log_type":"token"}', '2025-06-11 10:32:10.861688+00', ''),
	('00000000-0000-0000-0000-000000000000', 'd2b38758-6017-46e3-bc42-c9f58e69675a', '{"action":"token_refreshed","actor_id":"608a33e2-d7f4-4773-bf4a-fa0bfbb9bab2","actor_username":"u2101680@siswa.um.edu.my","actor_via_sso":false,"log_type":"token"}', '2025-06-11 10:32:10.884269+00', ''),
	('00000000-0000-0000-0000-000000000000', '1c822ad1-06e6-428c-bb40-4260618a3d60', '{"action":"logout","actor_id":"608a33e2-d7f4-4773-bf4a-fa0bfbb9bab2","actor_username":"u2101680@siswa.um.edu.my","actor_via_sso":false,"log_type":"account"}', '2025-06-11 10:32:14.759111+00', ''),
	('00000000-0000-0000-0000-000000000000', '4a818319-d00c-4457-b06b-2afb13ce95f3', '{"action":"login","actor_id":"9ac7dc7b-c5b7-4248-a435-29f3c3e38702","actor_username":"archieyumdumb@gmail.com","actor_via_sso":false,"log_type":"account","traits":{"provider":"email"}}', '2025-06-11 10:32:25.716998+00', ''),
	('00000000-0000-0000-0000-000000000000', '4a285d6a-a18f-472f-ba10-b1f2e75c9db1', '{"action":"logout","actor_id":"9ac7dc7b-c5b7-4248-a435-29f3c3e38702","actor_username":"archieyumdumb@gmail.com","actor_via_sso":false,"log_type":"account"}', '2025-06-11 10:32:41.581058+00', ''),
	('00000000-0000-0000-0000-000000000000', '5b1e87c6-6d31-4f83-b830-a522106c7e5a', '{"action":"login","actor_id":"36deaa22-fb96-4124-a7d2-10293abb382b","actor_username":"elvissawing.muran@gmail.com","actor_via_sso":false,"log_type":"account","traits":{"provider":"email"}}', '2025-06-11 10:32:52.002005+00', ''),
	('00000000-0000-0000-0000-000000000000', '41beac8a-9fec-4386-a43b-66724c356b57', '{"action":"logout","actor_id":"36deaa22-fb96-4124-a7d2-10293abb382b","actor_username":"elvissawing.muran@gmail.com","actor_via_sso":false,"log_type":"account"}', '2025-06-11 10:33:54.336548+00', ''),
	('00000000-0000-0000-0000-000000000000', '948dbb54-670a-4e25-b2e2-0456b44bb76b', '{"action":"login","actor_id":"9ac7dc7b-c5b7-4248-a435-29f3c3e38702","actor_username":"archieyumdumb@gmail.com","actor_via_sso":false,"log_type":"account","traits":{"provider":"email"}}', '2025-06-11 10:33:58.793905+00', ''),
	('00000000-0000-0000-0000-000000000000', 'c1885ccc-b69e-4f9d-bdfd-3c266c4295e9', '{"action":"logout","actor_id":"9ac7dc7b-c5b7-4248-a435-29f3c3e38702","actor_username":"archieyumdumb@gmail.com","actor_via_sso":false,"log_type":"account"}', '2025-06-11 10:34:13.40558+00', ''),
	('00000000-0000-0000-0000-000000000000', '84672548-755b-4fe5-901e-9ce6eac59c3b', '{"action":"login","actor_id":"9ac7dc7b-c5b7-4248-a435-29f3c3e38702","actor_username":"archieyumdumb@gmail.com","actor_via_sso":false,"log_type":"account","traits":{"provider":"email"}}', '2025-06-11 10:57:46.250478+00', ''),
	('00000000-0000-0000-0000-000000000000', 'ca1245b1-e550-4887-9782-320e2287d40f', '{"action":"token_refreshed","actor_id":"9ac7dc7b-c5b7-4248-a435-29f3c3e38702","actor_username":"archieyumdumb@gmail.com","actor_via_sso":false,"log_type":"token"}', '2025-06-11 12:50:47.721972+00', ''),
	('00000000-0000-0000-0000-000000000000', '0d928686-aa25-4d04-b02f-ed9505a9e18f', '{"action":"token_revoked","actor_id":"9ac7dc7b-c5b7-4248-a435-29f3c3e38702","actor_username":"archieyumdumb@gmail.com","actor_via_sso":false,"log_type":"token"}', '2025-06-11 12:50:47.72413+00', ''),
	('00000000-0000-0000-0000-000000000000', '5b9997d7-ce3e-4d7e-b520-21626c258344', '{"action":"login","actor_id":"9ac7dc7b-c5b7-4248-a435-29f3c3e38702","actor_username":"archieyumdumb@gmail.com","actor_via_sso":false,"log_type":"account","traits":{"provider":"email"}}', '2025-06-11 12:51:06.409111+00', ''),
	('00000000-0000-0000-0000-000000000000', 'f444f4b6-4ed3-4eeb-bd0a-1d4801600d32', '{"action":"logout","actor_id":"9ac7dc7b-c5b7-4248-a435-29f3c3e38702","actor_username":"archieyumdumb@gmail.com","actor_via_sso":false,"log_type":"account"}', '2025-06-11 12:56:20.245157+00', ''),
	('00000000-0000-0000-0000-000000000000', '511b52db-46e1-410c-9a7f-5c07a5ec413f', '{"action":"login","actor_id":"36deaa22-fb96-4124-a7d2-10293abb382b","actor_username":"elvissawing.muran@gmail.com","actor_via_sso":false,"log_type":"account","traits":{"provider":"email"}}', '2025-06-11 12:56:26.598904+00', ''),
	('00000000-0000-0000-0000-000000000000', '3e97334a-7edb-45fe-af2c-0cfa02adae6a', '{"action":"logout","actor_id":"36deaa22-fb96-4124-a7d2-10293abb382b","actor_username":"elvissawing.muran@gmail.com","actor_via_sso":false,"log_type":"account"}', '2025-06-11 12:57:16.493059+00', ''),
	('00000000-0000-0000-0000-000000000000', 'b3b7db83-7adf-4c8d-8ef4-d23a583e7bf5', '{"action":"login","actor_id":"36deaa22-fb96-4124-a7d2-10293abb382b","actor_username":"elvissawing.muran@gmail.com","actor_via_sso":false,"log_type":"account","traits":{"provider":"email"}}', '2025-06-11 13:43:47.102835+00', ''),
	('00000000-0000-0000-0000-000000000000', '6b2c5486-4768-4df0-9399-99a0d8cdd9d8', '{"action":"logout","actor_id":"36deaa22-fb96-4124-a7d2-10293abb382b","actor_username":"elvissawing.muran@gmail.com","actor_via_sso":false,"log_type":"account"}', '2025-06-11 13:43:59.372468+00', ''),
	('00000000-0000-0000-0000-000000000000', 'f6f0db1d-843b-42b6-92d0-ad36e92e5037', '{"action":"login","actor_id":"36deaa22-fb96-4124-a7d2-10293abb382b","actor_username":"elvissawing.muran@gmail.com","actor_via_sso":false,"log_type":"account","traits":{"provider":"email"}}', '2025-06-11 13:45:40.095303+00', ''),
	('00000000-0000-0000-0000-000000000000', '9dbc4db7-acce-4018-9922-d15bcdbca1f6', '{"action":"login","actor_id":"9ac7dc7b-c5b7-4248-a435-29f3c3e38702","actor_username":"archieyumdumb@gmail.com","actor_via_sso":false,"log_type":"account","traits":{"provider":"email"}}', '2025-06-11 13:57:26.926967+00', ''),
	('00000000-0000-0000-0000-000000000000', '8a6491de-5ea4-4e7f-b6bd-1eec8c011b6b', '{"action":"logout","actor_id":"9ac7dc7b-c5b7-4248-a435-29f3c3e38702","actor_username":"archieyumdumb@gmail.com","actor_via_sso":false,"log_type":"account"}', '2025-06-11 13:57:41.623285+00', ''),
	('00000000-0000-0000-0000-000000000000', '0a383528-5b83-4ba0-9960-6db6abed9c25', '{"action":"login","actor_id":"36deaa22-fb96-4124-a7d2-10293abb382b","actor_username":"elvissawing.muran@gmail.com","actor_via_sso":false,"log_type":"account","traits":{"provider":"email"}}', '2025-06-11 13:57:46.77218+00', ''),
	('00000000-0000-0000-0000-000000000000', 'fe72e6fa-bbe5-4cc8-96d4-393bf8e1fa83', '{"action":"logout","actor_id":"36deaa22-fb96-4124-a7d2-10293abb382b","actor_username":"elvissawing.muran@gmail.com","actor_via_sso":false,"log_type":"account"}', '2025-06-11 14:23:20.595316+00', ''),
	('00000000-0000-0000-0000-000000000000', '067d0285-9a61-4a9e-85b8-d737d3ca9c56', '{"action":"login","actor_id":"9ac7dc7b-c5b7-4248-a435-29f3c3e38702","actor_username":"archieyumdumb@gmail.com","actor_via_sso":false,"log_type":"account","traits":{"provider":"email"}}', '2025-06-11 14:23:25.863266+00', ''),
	('00000000-0000-0000-0000-000000000000', 'c164b6ee-31a8-4a0f-8780-f7b696613bd6', '{"action":"login","actor_id":"9ac7dc7b-c5b7-4248-a435-29f3c3e38702","actor_username":"archieyumdumb@gmail.com","actor_via_sso":false,"log_type":"account","traits":{"provider":"email"}}', '2025-06-11 14:27:17.227142+00', ''),
	('00000000-0000-0000-0000-000000000000', '48d50358-95bc-4159-8a50-8ff2b57f6e9b', '{"action":"logout","actor_id":"9ac7dc7b-c5b7-4248-a435-29f3c3e38702","actor_username":"archieyumdumb@gmail.com","actor_via_sso":false,"log_type":"account"}', '2025-06-11 14:35:37.362413+00', ''),
	('00000000-0000-0000-0000-000000000000', 'cce25a69-2fdc-49a5-886a-6108b7a7ef0e', '{"action":"login","actor_id":"36deaa22-fb96-4124-a7d2-10293abb382b","actor_username":"elvissawing.muran@gmail.com","actor_via_sso":false,"log_type":"account","traits":{"provider":"email"}}', '2025-06-11 14:35:51.774041+00', ''),
	('00000000-0000-0000-0000-000000000000', '8ed8b0bd-0fde-4c14-a2ad-7d97016a428d', '{"action":"logout","actor_id":"36deaa22-fb96-4124-a7d2-10293abb382b","actor_username":"elvissawing.muran@gmail.com","actor_via_sso":false,"log_type":"account"}', '2025-06-11 14:41:55.833096+00', ''),
	('00000000-0000-0000-0000-000000000000', '4b57152f-388e-44c8-8c7e-41c472ada792', '{"action":"login","actor_id":"9ac7dc7b-c5b7-4248-a435-29f3c3e38702","actor_username":"archieyumdumb@gmail.com","actor_via_sso":false,"log_type":"account","traits":{"provider":"email"}}', '2025-06-11 14:43:07.946727+00', ''),
	('00000000-0000-0000-0000-000000000000', '389ebc9a-dba7-4396-9c26-b690f5aea7cb', '{"action":"token_refreshed","actor_id":"9ac7dc7b-c5b7-4248-a435-29f3c3e38702","actor_username":"archieyumdumb@gmail.com","actor_via_sso":false,"log_type":"token"}', '2025-06-11 16:37:13.331841+00', ''),
	('00000000-0000-0000-0000-000000000000', '721f8e9a-68c0-46df-86fa-5188e804ae31', '{"action":"token_revoked","actor_id":"9ac7dc7b-c5b7-4248-a435-29f3c3e38702","actor_username":"archieyumdumb@gmail.com","actor_via_sso":false,"log_type":"token"}', '2025-06-11 16:37:13.337393+00', ''),
	('00000000-0000-0000-0000-000000000000', 'efd6990c-2c85-4f67-87ad-c90519368b76', '{"action":"token_refreshed","actor_id":"9ac7dc7b-c5b7-4248-a435-29f3c3e38702","actor_username":"archieyumdumb@gmail.com","actor_via_sso":false,"log_type":"token"}', '2025-06-12 04:15:32.823557+00', ''),
	('00000000-0000-0000-0000-000000000000', '3bc89580-5c1a-4090-925e-6032998b7b6c', '{"action":"token_revoked","actor_id":"9ac7dc7b-c5b7-4248-a435-29f3c3e38702","actor_username":"archieyumdumb@gmail.com","actor_via_sso":false,"log_type":"token"}', '2025-06-12 04:15:32.837253+00', ''),
	('00000000-0000-0000-0000-000000000000', '89ac3ede-9f3d-4a63-9e4e-d673e2bce40a', '{"action":"token_refreshed","actor_id":"9ac7dc7b-c5b7-4248-a435-29f3c3e38702","actor_username":"archieyumdumb@gmail.com","actor_via_sso":false,"log_type":"token"}', '2025-06-12 04:15:41.052013+00', ''),
	('00000000-0000-0000-0000-000000000000', '4343305c-33fb-4497-b621-e377e9a44d1e', '{"action":"login","actor_id":"36deaa22-fb96-4124-a7d2-10293abb382b","actor_username":"elvissawing.muran@gmail.com","actor_via_sso":false,"log_type":"account","traits":{"provider":"email"}}', '2025-06-12 04:15:54.699072+00', ''),
	('00000000-0000-0000-0000-000000000000', 'cba5e233-eb00-4e46-a943-87f292fc2d5b', '{"action":"login","actor_id":"36deaa22-fb96-4124-a7d2-10293abb382b","actor_username":"elvissawing.muran@gmail.com","actor_via_sso":false,"log_type":"account","traits":{"provider":"email"}}', '2025-06-12 04:49:34.139279+00', ''),
	('00000000-0000-0000-0000-000000000000', '4e1bb854-6cea-4daa-a10e-fa67535c7c02', '{"action":"login","actor_id":"36deaa22-fb96-4124-a7d2-10293abb382b","actor_username":"elvissawing.muran@gmail.com","actor_via_sso":false,"log_type":"account","traits":{"provider":"email"}}', '2025-06-12 05:21:12.645783+00', ''),
	('00000000-0000-0000-0000-000000000000', 'a5ac0529-7b22-4717-8b93-d5972d4fd305', '{"action":"logout","actor_id":"36deaa22-fb96-4124-a7d2-10293abb382b","actor_username":"elvissawing.muran@gmail.com","actor_via_sso":false,"log_type":"account"}', '2025-06-12 05:22:05.885376+00', ''),
	('00000000-0000-0000-0000-000000000000', 'b1f1e68e-e4a7-498b-8cfa-f699e6a5a298', '{"action":"login","actor_id":"9ac7dc7b-c5b7-4248-a435-29f3c3e38702","actor_username":"archieyumdumb@gmail.com","actor_via_sso":false,"log_type":"account","traits":{"provider":"email"}}', '2025-06-12 05:24:23.487756+00', ''),
	('00000000-0000-0000-0000-000000000000', '128855f8-a816-4264-a085-ca8e93043bd7', '{"action":"logout","actor_id":"9ac7dc7b-c5b7-4248-a435-29f3c3e38702","actor_username":"archieyumdumb@gmail.com","actor_via_sso":false,"log_type":"account"}', '2025-06-12 05:25:06.023494+00', ''),
	('00000000-0000-0000-0000-000000000000', '11246937-6b33-47db-9288-e861891de6da', '{"action":"login","actor_id":"9ac7dc7b-c5b7-4248-a435-29f3c3e38702","actor_username":"archieyumdumb@gmail.com","actor_via_sso":false,"log_type":"account","traits":{"provider":"email"}}', '2025-06-12 05:48:28.316059+00', ''),
	('00000000-0000-0000-0000-000000000000', 'bc13cdfc-c3ca-4879-b1dc-326473124ffb', '{"action":"logout","actor_id":"9ac7dc7b-c5b7-4248-a435-29f3c3e38702","actor_username":"archieyumdumb@gmail.com","actor_via_sso":false,"log_type":"account"}', '2025-06-12 06:05:29.183762+00', ''),
	('00000000-0000-0000-0000-000000000000', '9b9629d1-c143-4aba-bf2c-cb72f80c617e', '{"action":"login","actor_id":"9ac7dc7b-c5b7-4248-a435-29f3c3e38702","actor_username":"archieyumdumb@gmail.com","actor_via_sso":false,"log_type":"account","traits":{"provider":"email"}}', '2025-06-12 06:05:35.434473+00', ''),
	('00000000-0000-0000-0000-000000000000', 'a8c1e7d3-d607-4161-9f43-187e89ea69df', '{"action":"token_refreshed","actor_id":"9ac7dc7b-c5b7-4248-a435-29f3c3e38702","actor_username":"archieyumdumb@gmail.com","actor_via_sso":false,"log_type":"token"}', '2025-06-12 07:08:25.497979+00', ''),
	('00000000-0000-0000-0000-000000000000', 'e2bc36c7-a978-4974-a4f5-65dc3c9c0477', '{"action":"token_revoked","actor_id":"9ac7dc7b-c5b7-4248-a435-29f3c3e38702","actor_username":"archieyumdumb@gmail.com","actor_via_sso":false,"log_type":"token"}', '2025-06-12 07:08:25.505865+00', ''),
	('00000000-0000-0000-0000-000000000000', 'cff02716-a3a6-4120-9b44-cc3427191532', '{"action":"logout","actor_id":"9ac7dc7b-c5b7-4248-a435-29f3c3e38702","actor_username":"archieyumdumb@gmail.com","actor_via_sso":false,"log_type":"account"}', '2025-06-12 07:29:00.187734+00', ''),
	('00000000-0000-0000-0000-000000000000', '19202c9c-ca75-47a4-9a72-93a0cec08e7b', '{"action":"login","actor_id":"36deaa22-fb96-4124-a7d2-10293abb382b","actor_username":"elvissawing.muran@gmail.com","actor_via_sso":false,"log_type":"account","traits":{"provider":"email"}}', '2025-06-12 07:29:09.268488+00', ''),
	('00000000-0000-0000-0000-000000000000', '1dbc8301-2a9b-410d-9e14-770a54e9d8bf', '{"action":"logout","actor_id":"36deaa22-fb96-4124-a7d2-10293abb382b","actor_username":"elvissawing.muran@gmail.com","actor_via_sso":false,"log_type":"account"}', '2025-06-12 07:31:26.894444+00', ''),
	('00000000-0000-0000-0000-000000000000', '48319dc1-d992-4baf-a8c5-adfbf328b2e3', '{"action":"login","actor_id":"36deaa22-fb96-4124-a7d2-10293abb382b","actor_username":"elvissawing.muran@gmail.com","actor_via_sso":false,"log_type":"account","traits":{"provider":"email"}}', '2025-06-12 07:31:30.945655+00', ''),
	('00000000-0000-0000-0000-000000000000', '31efcc8e-6842-4dbc-b34c-bcbab7c9cf6f', '{"action":"logout","actor_id":"36deaa22-fb96-4124-a7d2-10293abb382b","actor_username":"elvissawing.muran@gmail.com","actor_via_sso":false,"log_type":"account"}', '2025-06-12 07:31:32.659893+00', ''),
	('00000000-0000-0000-0000-000000000000', '93b83adc-9631-4142-a367-22c070288d97', '{"action":"login","actor_id":"9ac7dc7b-c5b7-4248-a435-29f3c3e38702","actor_username":"archieyumdumb@gmail.com","actor_via_sso":false,"log_type":"account","traits":{"provider":"email"}}', '2025-06-12 07:31:36.620469+00', ''),
	('00000000-0000-0000-0000-000000000000', '717cf95e-e2b5-451f-b77c-0ec9a9d42ca4', '{"action":"logout","actor_id":"9ac7dc7b-c5b7-4248-a435-29f3c3e38702","actor_username":"archieyumdumb@gmail.com","actor_via_sso":false,"log_type":"account"}', '2025-06-12 08:03:52.979169+00', ''),
	('00000000-0000-0000-0000-000000000000', '686c2574-99ca-4f1d-9cd0-a93fc6ac4595', '{"action":"login","actor_id":"36deaa22-fb96-4124-a7d2-10293abb382b","actor_username":"elvissawing.muran@gmail.com","actor_via_sso":false,"log_type":"account","traits":{"provider":"email"}}', '2025-06-12 08:05:43.075315+00', ''),
	('00000000-0000-0000-0000-000000000000', 'a6bfdc33-2f5c-44d9-b209-fe6bb7471f22', '{"action":"logout","actor_id":"36deaa22-fb96-4124-a7d2-10293abb382b","actor_username":"elvissawing.muran@gmail.com","actor_via_sso":false,"log_type":"account"}', '2025-06-12 08:06:44.658673+00', ''),
	('00000000-0000-0000-0000-000000000000', 'd5b69995-d43c-4994-b230-125e5b83d300', '{"action":"login","actor_id":"9ac7dc7b-c5b7-4248-a435-29f3c3e38702","actor_username":"archieyumdumb@gmail.com","actor_via_sso":false,"log_type":"account","traits":{"provider":"email"}}', '2025-06-12 08:06:50.217252+00', ''),
	('00000000-0000-0000-0000-000000000000', 'ecfd05eb-8a8f-497c-9255-b3646d6f6702', '{"action":"login","actor_id":"9ac7dc7b-c5b7-4248-a435-29f3c3e38702","actor_username":"archieyumdumb@gmail.com","actor_via_sso":false,"log_type":"account","traits":{"provider":"email"}}', '2025-06-12 08:15:31.230952+00', ''),
	('00000000-0000-0000-0000-000000000000', '8aabbf00-1949-4aa3-88c7-878ea50afb7f', '{"action":"token_refreshed","actor_id":"9ac7dc7b-c5b7-4248-a435-29f3c3e38702","actor_username":"archieyumdumb@gmail.com","actor_via_sso":false,"log_type":"token"}', '2025-06-12 12:28:36.416112+00', ''),
	('00000000-0000-0000-0000-000000000000', '60a0e130-5b1c-499d-9c20-8da05d0b0d9c', '{"action":"token_revoked","actor_id":"9ac7dc7b-c5b7-4248-a435-29f3c3e38702","actor_username":"archieyumdumb@gmail.com","actor_via_sso":false,"log_type":"token"}', '2025-06-12 12:28:36.425239+00', ''),
	('00000000-0000-0000-0000-000000000000', 'e3d50c1c-8dc9-469e-93f5-f7e7bc9258e0', '{"action":"token_refreshed","actor_id":"9ac7dc7b-c5b7-4248-a435-29f3c3e38702","actor_username":"archieyumdumb@gmail.com","actor_via_sso":false,"log_type":"token"}', '2025-06-12 14:01:05.524875+00', ''),
	('00000000-0000-0000-0000-000000000000', '20b68763-cc8f-4a6a-9473-a3151231e1c7', '{"action":"token_revoked","actor_id":"9ac7dc7b-c5b7-4248-a435-29f3c3e38702","actor_username":"archieyumdumb@gmail.com","actor_via_sso":false,"log_type":"token"}', '2025-06-12 14:01:05.528051+00', ''),
	('00000000-0000-0000-0000-000000000000', '20e8199d-b442-4c1f-b820-edf7289d4c36', '{"action":"login","actor_id":"9ac7dc7b-c5b7-4248-a435-29f3c3e38702","actor_username":"archieyumdumb@gmail.com","actor_via_sso":false,"log_type":"account","traits":{"provider":"email"}}', '2025-06-12 14:26:41.555621+00', ''),
	('00000000-0000-0000-0000-000000000000', '9c5e088c-324c-49c8-ae0a-ec2a541a05a4', '{"action":"logout","actor_id":"9ac7dc7b-c5b7-4248-a435-29f3c3e38702","actor_username":"archieyumdumb@gmail.com","actor_via_sso":false,"log_type":"account"}', '2025-06-12 14:27:25.554043+00', ''),
	('00000000-0000-0000-0000-000000000000', 'b989562d-b4ff-420d-a646-2e0f912eb4db', '{"action":"login","actor_id":"36deaa22-fb96-4124-a7d2-10293abb382b","actor_username":"elvissawing.muran@gmail.com","actor_via_sso":false,"log_type":"account","traits":{"provider":"email"}}', '2025-06-12 14:27:33.118876+00', ''),
	('00000000-0000-0000-0000-000000000000', '9c1a9c25-379e-4f7b-b809-6adcf1efbaa2', '{"action":"logout","actor_id":"36deaa22-fb96-4124-a7d2-10293abb382b","actor_username":"elvissawing.muran@gmail.com","actor_via_sso":false,"log_type":"account"}', '2025-06-12 14:30:12.982896+00', ''),
	('00000000-0000-0000-0000-000000000000', '4082b46e-c3d7-4130-a57b-8f147408b6c7', '{"action":"login","actor_id":"9ac7dc7b-c5b7-4248-a435-29f3c3e38702","actor_username":"archieyumdumb@gmail.com","actor_via_sso":false,"log_type":"account","traits":{"provider":"email"}}', '2025-06-12 14:30:17.510862+00', ''),
	('00000000-0000-0000-0000-000000000000', '7d965876-35fb-4c78-8be3-5e47ca780f3d', '{"action":"logout","actor_id":"9ac7dc7b-c5b7-4248-a435-29f3c3e38702","actor_username":"archieyumdumb@gmail.com","actor_via_sso":false,"log_type":"account"}', '2025-06-12 14:44:16.883613+00', ''),
	('00000000-0000-0000-0000-000000000000', '25aa690f-3c51-4e5b-92a9-25d5a1854dc1', '{"action":"login","actor_id":"36deaa22-fb96-4124-a7d2-10293abb382b","actor_username":"elvissawing.muran@gmail.com","actor_via_sso":false,"log_type":"account","traits":{"provider":"email"}}', '2025-06-12 14:44:22.869323+00', ''),
	('00000000-0000-0000-0000-000000000000', 'd5363baa-b8a4-48f3-ae22-8bfd90200290', '{"action":"logout","actor_id":"36deaa22-fb96-4124-a7d2-10293abb382b","actor_username":"elvissawing.muran@gmail.com","actor_via_sso":false,"log_type":"account"}', '2025-06-12 14:47:13.838938+00', ''),
	('00000000-0000-0000-0000-000000000000', '638e654f-98b7-4c41-b60a-9bf61acdb4d6', '{"action":"login","actor_id":"9ac7dc7b-c5b7-4248-a435-29f3c3e38702","actor_username":"archieyumdumb@gmail.com","actor_via_sso":false,"log_type":"account","traits":{"provider":"email"}}', '2025-06-12 14:49:04.663309+00', ''),
	('00000000-0000-0000-0000-000000000000', 'e50db427-02e1-48d4-a9b4-a254b9e1e0c5', '{"action":"logout","actor_id":"9ac7dc7b-c5b7-4248-a435-29f3c3e38702","actor_username":"archieyumdumb@gmail.com","actor_via_sso":false,"log_type":"account"}', '2025-06-12 14:49:49.733467+00', ''),
	('00000000-0000-0000-0000-000000000000', 'f8493ef2-8342-4686-9da5-5c1f0a2df3b4', '{"action":"login","actor_id":"9ac7dc7b-c5b7-4248-a435-29f3c3e38702","actor_username":"archieyumdumb@gmail.com","actor_via_sso":false,"log_type":"account","traits":{"provider":"email"}}', '2025-06-12 14:51:08.872564+00', ''),
	('00000000-0000-0000-0000-000000000000', 'a2fb89bb-045f-4737-be23-33912866d08e', '{"action":"logout","actor_id":"9ac7dc7b-c5b7-4248-a435-29f3c3e38702","actor_username":"archieyumdumb@gmail.com","actor_via_sso":false,"log_type":"account"}', '2025-06-12 14:59:34.208297+00', ''),
	('00000000-0000-0000-0000-000000000000', 'add38573-10e5-4278-b187-79814f984d85', '{"action":"login","actor_id":"36deaa22-fb96-4124-a7d2-10293abb382b","actor_username":"elvissawing.muran@gmail.com","actor_via_sso":false,"log_type":"account","traits":{"provider":"email"}}', '2025-06-12 14:59:42.329618+00', ''),
	('00000000-0000-0000-0000-000000000000', 'f7b74ec3-08c7-45c8-a890-b0e0cda7ca05', '{"action":"user_confirmation_requested","actor_id":"5c03172d-6451-4481-95c3-8445bdea98a9","actor_username":"eisraqrejab2409@gmail.com","actor_via_sso":false,"log_type":"user","traits":{"provider":"email"}}', '2025-06-12 15:28:22.53465+00', ''),
	('00000000-0000-0000-0000-000000000000', 'd0060743-65eb-49b3-9168-8529adf2e897', '{"action":"user_signedup","actor_id":"5c03172d-6451-4481-95c3-8445bdea98a9","actor_username":"eisraqrejab2409@gmail.com","actor_via_sso":false,"log_type":"team"}', '2025-06-12 15:28:37.700172+00', ''),
	('00000000-0000-0000-0000-000000000000', '5bc153fe-7865-4643-a622-493aed9d3654', '{"action":"login","actor_id":"5c03172d-6451-4481-95c3-8445bdea98a9","actor_username":"eisraqrejab2409@gmail.com","actor_via_sso":false,"log_type":"account","traits":{"provider":"email"}}', '2025-06-12 15:28:50.215115+00', ''),
	('00000000-0000-0000-0000-000000000000', '4b28cd81-93e0-4243-a087-f5ed62924854', '{"action":"logout","actor_id":"5c03172d-6451-4481-95c3-8445bdea98a9","actor_username":"eisraqrejab2409@gmail.com","actor_via_sso":false,"log_type":"account"}', '2025-06-12 15:46:48.620967+00', ''),
	('00000000-0000-0000-0000-000000000000', 'b57d3889-f7ef-4b58-b00d-2cbf6d0155cf', '{"action":"user_confirmation_requested","actor_id":"f6adb043-c698-4658-8f65-6822dd2b66b2","actor_username":"u2102340@siswa.um.edu.my","actor_via_sso":false,"log_type":"user","traits":{"provider":"email"}}', '2025-06-12 15:54:50.601136+00', ''),
	('00000000-0000-0000-0000-000000000000', '0a03fe50-41ad-4d2b-ad75-fece4578ac22', '{"action":"token_refreshed","actor_id":"36deaa22-fb96-4124-a7d2-10293abb382b","actor_username":"elvissawing.muran@gmail.com","actor_via_sso":false,"log_type":"token"}', '2025-06-12 15:59:18.477364+00', ''),
	('00000000-0000-0000-0000-000000000000', 'eadabf6a-0256-428d-8e97-0021eb81b346', '{"action":"token_revoked","actor_id":"36deaa22-fb96-4124-a7d2-10293abb382b","actor_username":"elvissawing.muran@gmail.com","actor_via_sso":false,"log_type":"token"}', '2025-06-12 15:59:18.478301+00', ''),
	('00000000-0000-0000-0000-000000000000', '1462ce78-801f-4409-ba03-a3b2de32e981', '{"action":"login","actor_id":"9ac7dc7b-c5b7-4248-a435-29f3c3e38702","actor_username":"archieyumdumb@gmail.com","actor_via_sso":false,"log_type":"account","traits":{"provider":"email"}}', '2025-06-12 16:00:06.977768+00', ''),
	('00000000-0000-0000-0000-000000000000', '61de7899-7aad-407f-8c3d-02a48d482814', '{"action":"logout","actor_id":"9ac7dc7b-c5b7-4248-a435-29f3c3e38702","actor_username":"archieyumdumb@gmail.com","actor_via_sso":false,"log_type":"account"}', '2025-06-12 16:00:09.793155+00', ''),
	('00000000-0000-0000-0000-000000000000', 'fdc4bba1-870a-4c4a-980c-0ed159deb507', '{"action":"user_recovery_requested","actor_id":"9ac7dc7b-c5b7-4248-a435-29f3c3e38702","actor_username":"archieyumdumb@gmail.com","actor_via_sso":false,"log_type":"user"}', '2025-06-12 16:00:30.062352+00', ''),
	('00000000-0000-0000-0000-000000000000', '0ce85008-34b9-45e0-856c-778df6cbaabd', '{"action":"login","actor_id":"9ac7dc7b-c5b7-4248-a435-29f3c3e38702","actor_username":"archieyumdumb@gmail.com","actor_via_sso":false,"log_type":"account"}', '2025-06-12 16:01:03.90221+00', ''),
	('00000000-0000-0000-0000-000000000000', '788412bd-55b4-4e35-8881-98796390bc32', '{"action":"user_recovery_requested","actor_id":"9ac7dc7b-c5b7-4248-a435-29f3c3e38702","actor_username":"archieyumdumb@gmail.com","actor_via_sso":false,"log_type":"user"}', '2025-06-12 16:02:40.318809+00', ''),
	('00000000-0000-0000-0000-000000000000', 'b132f1fa-646e-489f-935a-ec3a8a0e8e73', '{"action":"login","actor_id":"9ac7dc7b-c5b7-4248-a435-29f3c3e38702","actor_username":"archieyumdumb@gmail.com","actor_via_sso":false,"log_type":"account"}', '2025-06-12 16:03:06.842448+00', ''),
	('00000000-0000-0000-0000-000000000000', 'c551ad06-aa4c-42ef-9f53-7807e50e48d6', '{"action":"login","actor_id":"9ac7dc7b-c5b7-4248-a435-29f3c3e38702","actor_username":"archieyumdumb@gmail.com","actor_via_sso":false,"log_type":"account","traits":{"provider_type":"recovery"}}', '2025-06-12 16:03:07.71875+00', ''),
	('00000000-0000-0000-0000-000000000000', 'e15d1729-eba5-4541-a822-7cdd829b936e', '{"action":"user_recovery_requested","actor_id":"9ac7dc7b-c5b7-4248-a435-29f3c3e38702","actor_username":"archieyumdumb@gmail.com","actor_via_sso":false,"log_type":"user"}', '2025-06-12 16:09:33.781357+00', ''),
	('00000000-0000-0000-0000-000000000000', '2bacbcf5-de41-423b-a3f5-2d1956c08ab4', '{"action":"login","actor_id":"9ac7dc7b-c5b7-4248-a435-29f3c3e38702","actor_username":"archieyumdumb@gmail.com","actor_via_sso":false,"log_type":"account"}', '2025-06-12 16:09:47.798787+00', ''),
	('00000000-0000-0000-0000-000000000000', '4effe69d-7e75-40d1-8247-1ca08c5ec0fe', '{"action":"login","actor_id":"9ac7dc7b-c5b7-4248-a435-29f3c3e38702","actor_username":"archieyumdumb@gmail.com","actor_via_sso":false,"log_type":"account","traits":{"provider_type":"recovery"}}', '2025-06-12 16:10:02.106535+00', ''),
	('00000000-0000-0000-0000-000000000000', 'abaa6376-f02e-4083-88b1-e7cd5d5b386c', '{"action":"user_updated_password","actor_id":"9ac7dc7b-c5b7-4248-a435-29f3c3e38702","actor_username":"archieyumdumb@gmail.com","actor_via_sso":false,"log_type":"user"}', '2025-06-12 16:11:38.584202+00', ''),
	('00000000-0000-0000-0000-000000000000', '87749a75-977c-47cf-b918-3539525ebd6c', '{"action":"user_modified","actor_id":"9ac7dc7b-c5b7-4248-a435-29f3c3e38702","actor_username":"archieyumdumb@gmail.com","actor_via_sso":false,"log_type":"user"}', '2025-06-12 16:11:38.585053+00', ''),
	('00000000-0000-0000-0000-000000000000', 'c787fb48-540a-4ba0-9690-c57b3b6c0e65', '{"action":"login","actor_id":"5c03172d-6451-4481-95c3-8445bdea98a9","actor_username":"eisraqrejab2409@gmail.com","actor_via_sso":false,"log_type":"account","traits":{"provider":"email"}}', '2025-06-12 16:12:07.189968+00', ''),
	('00000000-0000-0000-0000-000000000000', '0968ed45-f9f5-4a67-8711-093035f0de2d', '{"action":"login","actor_id":"9ac7dc7b-c5b7-4248-a435-29f3c3e38702","actor_username":"archieyumdumb@gmail.com","actor_via_sso":false,"log_type":"account","traits":{"provider":"email"}}', '2025-06-12 16:12:21.383744+00', ''),
	('00000000-0000-0000-0000-000000000000', 'a67478bd-bc9b-46b4-8807-d4ac1e9a2374', '{"action":"user_recovery_requested","actor_id":"9ac7dc7b-c5b7-4248-a435-29f3c3e38702","actor_username":"archieyumdumb@gmail.com","actor_via_sso":false,"log_type":"user"}', '2025-06-12 16:27:33.239893+00', ''),
	('00000000-0000-0000-0000-000000000000', 'a5719da4-a4bd-47a3-8e06-fc59479e1977', '{"action":"login","actor_id":"9ac7dc7b-c5b7-4248-a435-29f3c3e38702","actor_username":"archieyumdumb@gmail.com","actor_via_sso":false,"log_type":"account"}', '2025-06-12 16:27:49.888833+00', ''),
	('00000000-0000-0000-0000-000000000000', '9e213a70-fe5e-4b5d-9f39-96368f8a7225', '{"action":"login","actor_id":"9ac7dc7b-c5b7-4248-a435-29f3c3e38702","actor_username":"archieyumdumb@gmail.com","actor_via_sso":false,"log_type":"account","traits":{"provider_type":"recovery"}}', '2025-06-12 16:27:52.44394+00', ''),
	('00000000-0000-0000-0000-000000000000', 'f53240d8-0547-4d43-8111-90ba8454fc38', '{"action":"user_updated_password","actor_id":"9ac7dc7b-c5b7-4248-a435-29f3c3e38702","actor_username":"archieyumdumb@gmail.com","actor_via_sso":false,"log_type":"user"}', '2025-06-12 16:28:21.753764+00', ''),
	('00000000-0000-0000-0000-000000000000', '079003ea-55e2-4cbb-9c88-0e12879dde80', '{"action":"user_modified","actor_id":"9ac7dc7b-c5b7-4248-a435-29f3c3e38702","actor_username":"archieyumdumb@gmail.com","actor_via_sso":false,"log_type":"user"}', '2025-06-12 16:28:21.754475+00', ''),
	('00000000-0000-0000-0000-000000000000', 'fe24d756-a8ec-42a0-b82e-e4a2b7f1ee3c', '{"action":"login","actor_id":"5c03172d-6451-4481-95c3-8445bdea98a9","actor_username":"eisraqrejab2409@gmail.com","actor_via_sso":false,"log_type":"account","traits":{"provider":"email"}}', '2025-06-12 16:28:22.575756+00', ''),
	('00000000-0000-0000-0000-000000000000', 'd44b9b86-b2eb-4058-ae1d-6e223067ab37', '{"action":"login","actor_id":"9ac7dc7b-c5b7-4248-a435-29f3c3e38702","actor_username":"archieyumdumb@gmail.com","actor_via_sso":false,"log_type":"account","traits":{"provider":"email"}}', '2025-06-12 16:28:43.809687+00', ''),
	('00000000-0000-0000-0000-000000000000', '3845d1ae-a51b-4098-9864-f195aaf62af6', '{"action":"logout","actor_id":"5c03172d-6451-4481-95c3-8445bdea98a9","actor_username":"eisraqrejab2409@gmail.com","actor_via_sso":false,"log_type":"account"}', '2025-06-12 16:30:34.901388+00', ''),
	('00000000-0000-0000-0000-000000000000', '7a804241-87b5-4979-aed5-27f133e8a01c', '{"action":"login","actor_id":"5c03172d-6451-4481-95c3-8445bdea98a9","actor_username":"eisraqrejab2409@gmail.com","actor_via_sso":false,"log_type":"account","traits":{"provider":"email"}}', '2025-06-12 16:32:08.789141+00', ''),
	('00000000-0000-0000-0000-000000000000', 'c6ee7f57-f766-4de4-85ab-96ea82a99dbd', '{"action":"logout","actor_id":"9ac7dc7b-c5b7-4248-a435-29f3c3e38702","actor_username":"archieyumdumb@gmail.com","actor_via_sso":false,"log_type":"account"}', '2025-06-12 16:37:01.80929+00', ''),
	('00000000-0000-0000-0000-000000000000', '43142aae-541d-47ba-93a1-de41cfc2e776', '{"action":"login","actor_id":"608a33e2-d7f4-4773-bf4a-fa0bfbb9bab2","actor_username":"u2101680@siswa.um.edu.my","actor_via_sso":false,"log_type":"account","traits":{"provider":"email"}}', '2025-06-12 16:37:08.418243+00', ''),
	('00000000-0000-0000-0000-000000000000', '41745266-5928-40fd-9cb8-a3e5c3411db6', '{"action":"logout","actor_id":"608a33e2-d7f4-4773-bf4a-fa0bfbb9bab2","actor_username":"u2101680@siswa.um.edu.my","actor_via_sso":false,"log_type":"account"}', '2025-06-12 16:37:11.374616+00', ''),
	('00000000-0000-0000-0000-000000000000', 'ecf27496-73df-4ad5-92e7-36a0702a000c', '{"action":"user_recovery_requested","actor_id":"608a33e2-d7f4-4773-bf4a-fa0bfbb9bab2","actor_username":"u2101680@siswa.um.edu.my","actor_via_sso":false,"log_type":"user"}', '2025-06-12 16:37:21.289408+00', ''),
	('00000000-0000-0000-0000-000000000000', '9dde9201-feeb-4050-9f27-5b33e8968fd2', '{"action":"login","actor_id":"608a33e2-d7f4-4773-bf4a-fa0bfbb9bab2","actor_username":"u2101680@siswa.um.edu.my","actor_via_sso":false,"log_type":"account"}', '2025-06-12 16:37:42.196425+00', ''),
	('00000000-0000-0000-0000-000000000000', 'd31b9ea9-6aba-438c-8892-3bb9b712c2a7', '{"action":"login","actor_id":"608a33e2-d7f4-4773-bf4a-fa0bfbb9bab2","actor_username":"u2101680@siswa.um.edu.my","actor_via_sso":false,"log_type":"account","traits":{"provider_type":"recovery"}}', '2025-06-12 16:37:44.277194+00', ''),
	('00000000-0000-0000-0000-000000000000', 'ed738843-fb1d-4e33-b726-03fe97f4314a', '{"action":"user_updated_password","actor_id":"608a33e2-d7f4-4773-bf4a-fa0bfbb9bab2","actor_username":"u2101680@siswa.um.edu.my","actor_via_sso":false,"log_type":"user"}', '2025-06-12 16:38:46.010497+00', ''),
	('00000000-0000-0000-0000-000000000000', '64056f75-bb4c-4a6a-999a-c6c669d4ee22', '{"action":"user_modified","actor_id":"608a33e2-d7f4-4773-bf4a-fa0bfbb9bab2","actor_username":"u2101680@siswa.um.edu.my","actor_via_sso":false,"log_type":"user"}', '2025-06-12 16:38:46.011153+00', ''),
	('00000000-0000-0000-0000-000000000000', 'cdcb4753-d3ea-415a-8954-c62b945a15d1', '{"action":"login","actor_id":"608a33e2-d7f4-4773-bf4a-fa0bfbb9bab2","actor_username":"u2101680@siswa.um.edu.my","actor_via_sso":false,"log_type":"account","traits":{"provider":"email"}}', '2025-06-12 16:51:42.178504+00', ''),
	('00000000-0000-0000-0000-000000000000', '2b05a57c-d0c3-4b46-9b64-7099306dc01f', '{"action":"login","actor_id":"608a33e2-d7f4-4773-bf4a-fa0bfbb9bab2","actor_username":"u2101680@siswa.um.edu.my","actor_via_sso":false,"log_type":"account","traits":{"provider":"email"}}', '2025-06-12 16:52:33.967327+00', ''),
	('00000000-0000-0000-0000-000000000000', 'fa4e53c4-7dfa-4fb5-a687-cac3269c89ba', '{"action":"logout","actor_id":"608a33e2-d7f4-4773-bf4a-fa0bfbb9bab2","actor_username":"u2101680@siswa.um.edu.my","actor_via_sso":false,"log_type":"account"}', '2025-06-12 16:53:11.043251+00', ''),
	('00000000-0000-0000-0000-000000000000', 'c18cf179-1ffe-4ae4-a60c-1106f5b2a4d9', '{"action":"login","actor_id":"9ac7dc7b-c5b7-4248-a435-29f3c3e38702","actor_username":"archieyumdumb@gmail.com","actor_via_sso":false,"log_type":"account","traits":{"provider":"email"}}', '2025-06-12 16:53:21.977886+00', ''),
	('00000000-0000-0000-0000-000000000000', '2a66d701-ded6-4692-8a56-9d15174b11d8', '{"action":"login","actor_id":"5c03172d-6451-4481-95c3-8445bdea98a9","actor_username":"eisraqrejab2409@gmail.com","actor_via_sso":false,"log_type":"account","traits":{"provider":"email"}}', '2025-06-12 17:22:52.613579+00', ''),
	('00000000-0000-0000-0000-000000000000', '1cd50f11-1128-445a-98df-c1a9d72924d9', '{"action":"login","actor_id":"5c03172d-6451-4481-95c3-8445bdea98a9","actor_username":"eisraqrejab2409@gmail.com","actor_via_sso":false,"log_type":"account","traits":{"provider":"email"}}', '2025-06-12 17:32:23.043413+00', ''),
	('00000000-0000-0000-0000-000000000000', 'eeac64ba-ab70-4c1c-a740-ffa1a0bd00fe', '{"action":"token_refreshed","actor_id":"9ac7dc7b-c5b7-4248-a435-29f3c3e38702","actor_username":"archieyumdumb@gmail.com","actor_via_sso":false,"log_type":"token"}', '2025-06-12 17:51:34.691929+00', ''),
	('00000000-0000-0000-0000-000000000000', 'a4f8579c-79bd-4c22-a58c-fc1078830cc9', '{"action":"token_revoked","actor_id":"9ac7dc7b-c5b7-4248-a435-29f3c3e38702","actor_username":"archieyumdumb@gmail.com","actor_via_sso":false,"log_type":"token"}', '2025-06-12 17:51:34.696551+00', ''),
	('00000000-0000-0000-0000-000000000000', '5756874b-add9-4115-8ffb-2fe24183a91c', '{"action":"login","actor_id":"36deaa22-fb96-4124-a7d2-10293abb382b","actor_username":"elvissawing.muran@gmail.com","actor_via_sso":false,"log_type":"account","traits":{"provider":"email"}}', '2025-06-12 23:31:24.043475+00', ''),
	('00000000-0000-0000-0000-000000000000', '3a7daa3f-0a37-4e29-a8c6-18348347c25e', '{"action":"logout","actor_id":"36deaa22-fb96-4124-a7d2-10293abb382b","actor_username":"elvissawing.muran@gmail.com","actor_via_sso":false,"log_type":"account"}', '2025-06-12 23:31:33.729594+00', ''),
	('00000000-0000-0000-0000-000000000000', 'f91443a7-7641-4298-a36b-30485f520688', '{"action":"user_deleted","actor_id":"00000000-0000-0000-0000-000000000000","actor_username":"service_role","actor_via_sso":false,"log_type":"team","traits":{"user_email":"eisraqrejab2409@gmail.com","user_id":"5c03172d-6451-4481-95c3-8445bdea98a9","user_phone":""}}', '2025-06-13 02:15:58.101326+00', ''),
	('00000000-0000-0000-0000-000000000000', 'a11525e0-5753-40d5-8ee8-a82562f304c8', '{"action":"user_deleted","actor_id":"00000000-0000-0000-0000-000000000000","actor_username":"service_role","actor_via_sso":false,"log_type":"team","traits":{"user_email":"u2102340@siswa.um.edu.my","user_id":"f6adb043-c698-4658-8f65-6822dd2b66b2","user_phone":""}}', '2025-06-13 02:15:58.101427+00', ''),
	('00000000-0000-0000-0000-000000000000', 'ba9751c2-b245-4d66-acab-17a342353d63', '{"action":"user_signedup","actor_id":"00000000-0000-0000-0000-000000000000","actor_username":"service_role","actor_via_sso":false,"log_type":"team","traits":{"user_email":"eisraqrejab2409@gmail.com","user_id":"f274a7d4-208e-46cc-8331-cfe5767843b0","user_phone":""}}', '2025-06-13 02:21:56.911177+00', ''),
	('00000000-0000-0000-0000-000000000000', 'c91bcd49-3246-437a-bc4b-a0f02185f198', '{"action":"user_deleted","actor_id":"00000000-0000-0000-0000-000000000000","actor_username":"service_role","actor_via_sso":false,"log_type":"team","traits":{"user_email":"edmundelvis0119@gmail.com","user_id":"d5b59ab4-1248-49dd-8d99-c300986f55bf","user_phone":""}}', '2025-06-13 02:22:42.658238+00', ''),
	('00000000-0000-0000-0000-000000000000', 'b804baa0-c37c-4947-bc6a-51f0535f2017', '{"action":"user_confirmation_requested","actor_id":"bde2265a-411f-4380-875e-50d331c78bef","actor_username":"edmundelvis0119@gmail.com","actor_via_sso":false,"log_type":"user","traits":{"provider":"email"}}', '2025-06-13 02:22:56.511212+00', ''),
	('00000000-0000-0000-0000-000000000000', 'b57f6c70-44cc-4082-a0ff-c10a00f78306', '{"action":"login","actor_id":"f274a7d4-208e-46cc-8331-cfe5767843b0","actor_username":"eisraqrejab2409@gmail.com","actor_via_sso":false,"log_type":"account","traits":{"provider":"email"}}', '2025-06-13 02:27:46.275225+00', ''),
	('00000000-0000-0000-0000-000000000000', '1236c31a-434e-417b-9e93-ead6c006356f', '{"action":"login","actor_id":"36deaa22-fb96-4124-a7d2-10293abb382b","actor_username":"elvissawing.muran@gmail.com","actor_via_sso":false,"log_type":"account","traits":{"provider":"email"}}', '2025-06-13 02:42:42.181708+00', ''),
	('00000000-0000-0000-0000-000000000000', '7ad9b48d-57e7-45ed-a545-10fca7c282f7', '{"action":"token_refreshed","actor_id":"36deaa22-fb96-4124-a7d2-10293abb382b","actor_username":"elvissawing.muran@gmail.com","actor_via_sso":false,"log_type":"token"}', '2025-06-13 03:54:57.972764+00', ''),
	('00000000-0000-0000-0000-000000000000', 'bc79d5f5-6565-4d8e-91c3-fb51478d9085', '{"action":"token_revoked","actor_id":"36deaa22-fb96-4124-a7d2-10293abb382b","actor_username":"elvissawing.muran@gmail.com","actor_via_sso":false,"log_type":"token"}', '2025-06-13 03:54:57.975604+00', ''),
	('00000000-0000-0000-0000-000000000000', 'e232577a-2694-43aa-871c-10226748f37e', '{"action":"login","actor_id":"9ac7dc7b-c5b7-4248-a435-29f3c3e38702","actor_username":"archieyumdumb@gmail.com","actor_via_sso":false,"log_type":"account","traits":{"provider":"email"}}', '2025-06-13 03:55:52.066113+00', ''),
	('00000000-0000-0000-0000-000000000000', '56904dba-79d4-4bfd-9517-6a4405fad221', '{"action":"logout","actor_id":"9ac7dc7b-c5b7-4248-a435-29f3c3e38702","actor_username":"archieyumdumb@gmail.com","actor_via_sso":false,"log_type":"account"}', '2025-06-13 03:56:17.746478+00', ''),
	('00000000-0000-0000-0000-000000000000', '884e67ed-2c3d-4cb9-847c-bdf78ee9f082', '{"action":"login","actor_id":"36deaa22-fb96-4124-a7d2-10293abb382b","actor_username":"elvissawing.muran@gmail.com","actor_via_sso":false,"log_type":"account","traits":{"provider":"email"}}', '2025-06-13 03:56:23.070134+00', ''),
	('00000000-0000-0000-0000-000000000000', '6a757c4d-9c3b-4a1b-b656-8a6892692933', '{"action":"logout","actor_id":"36deaa22-fb96-4124-a7d2-10293abb382b","actor_username":"elvissawing.muran@gmail.com","actor_via_sso":false,"log_type":"account"}', '2025-06-13 03:59:48.24254+00', ''),
	('00000000-0000-0000-0000-000000000000', '8e613226-8cdd-43f1-92b9-1657d47d896c', '{"action":"login","actor_id":"9ac7dc7b-c5b7-4248-a435-29f3c3e38702","actor_username":"archieyumdumb@gmail.com","actor_via_sso":false,"log_type":"account","traits":{"provider":"email"}}', '2025-06-13 04:00:13.556894+00', ''),
	('00000000-0000-0000-0000-000000000000', 'a4847d61-12e9-4235-a319-4930c9257e73', '{"action":"token_refreshed","actor_id":"f274a7d4-208e-46cc-8331-cfe5767843b0","actor_username":"eisraqrejab2409@gmail.com","actor_via_sso":false,"log_type":"token"}', '2025-06-13 04:02:33.616201+00', ''),
	('00000000-0000-0000-0000-000000000000', 'e0b3b050-87ca-4056-8275-7907b53f5789', '{"action":"token_revoked","actor_id":"f274a7d4-208e-46cc-8331-cfe5767843b0","actor_username":"eisraqrejab2409@gmail.com","actor_via_sso":false,"log_type":"token"}', '2025-06-13 04:02:33.616792+00', ''),
	('00000000-0000-0000-0000-000000000000', '9b0b1e4a-cd4e-4c6e-baec-5ca5990c8230', '{"action":"login","actor_id":"36deaa22-fb96-4124-a7d2-10293abb382b","actor_username":"elvissawing.muran@gmail.com","actor_via_sso":false,"log_type":"account","traits":{"provider":"email"}}', '2025-06-13 04:03:00.206595+00', ''),
	('00000000-0000-0000-0000-000000000000', 'd84e7326-1e38-46d6-9c61-dad70d69e64e', '{"action":"logout","actor_id":"9ac7dc7b-c5b7-4248-a435-29f3c3e38702","actor_username":"archieyumdumb@gmail.com","actor_via_sso":false,"log_type":"account"}', '2025-06-13 04:05:50.300643+00', ''),
	('00000000-0000-0000-0000-000000000000', 'd2a80285-0929-489b-86a9-52839871950c', '{"action":"login","actor_id":"36deaa22-fb96-4124-a7d2-10293abb382b","actor_username":"elvissawing.muran@gmail.com","actor_via_sso":false,"log_type":"account","traits":{"provider":"email"}}', '2025-06-13 04:06:03.74011+00', ''),
	('00000000-0000-0000-0000-000000000000', 'f52f2d0e-22b1-432b-b3eb-acadfed92c1f', '{"action":"logout","actor_id":"36deaa22-fb96-4124-a7d2-10293abb382b","actor_username":"elvissawing.muran@gmail.com","actor_via_sso":false,"log_type":"account"}', '2025-06-13 04:08:14.056131+00', ''),
	('00000000-0000-0000-0000-000000000000', '40e48ac0-b8ee-41e6-91e4-d954b5aaf783', '{"action":"login","actor_id":"9ac7dc7b-c5b7-4248-a435-29f3c3e38702","actor_username":"archieyumdumb@gmail.com","actor_via_sso":false,"log_type":"account","traits":{"provider":"email"}}', '2025-06-13 04:08:17.653843+00', ''),
	('00000000-0000-0000-0000-000000000000', '75f579fc-a995-4aa6-8bdc-727626fe4677', '{"action":"logout","actor_id":"9ac7dc7b-c5b7-4248-a435-29f3c3e38702","actor_username":"archieyumdumb@gmail.com","actor_via_sso":false,"log_type":"account"}', '2025-06-13 04:08:44.932075+00', ''),
	('00000000-0000-0000-0000-000000000000', 'ecd19320-ea68-4615-a6bc-755336c56c50', '{"action":"login","actor_id":"36deaa22-fb96-4124-a7d2-10293abb382b","actor_username":"elvissawing.muran@gmail.com","actor_via_sso":false,"log_type":"account","traits":{"provider":"email"}}', '2025-06-13 04:08:48.488822+00', ''),
	('00000000-0000-0000-0000-000000000000', '04aac93b-f2d8-498c-9e30-58462eee4df2', '{"action":"logout","actor_id":"36deaa22-fb96-4124-a7d2-10293abb382b","actor_username":"elvissawing.muran@gmail.com","actor_via_sso":false,"log_type":"account"}', '2025-06-13 04:09:08.396304+00', ''),
	('00000000-0000-0000-0000-000000000000', '51b081f2-cd82-41aa-9d01-d5d9348a07ef', '{"action":"login","actor_id":"9ac7dc7b-c5b7-4248-a435-29f3c3e38702","actor_username":"archieyumdumb@gmail.com","actor_via_sso":false,"log_type":"account","traits":{"provider":"email"}}', '2025-06-13 04:09:13.283475+00', ''),
	('00000000-0000-0000-0000-000000000000', '1bc9d9cf-7a24-45bc-9296-3b13ab60c5f2', '{"action":"logout","actor_id":"9ac7dc7b-c5b7-4248-a435-29f3c3e38702","actor_username":"archieyumdumb@gmail.com","actor_via_sso":false,"log_type":"account"}', '2025-06-13 04:10:45.041129+00', ''),
	('00000000-0000-0000-0000-000000000000', 'bddb339f-4e78-48c4-834a-cd1c2b0a9551', '{"action":"login","actor_id":"36deaa22-fb96-4124-a7d2-10293abb382b","actor_username":"elvissawing.muran@gmail.com","actor_via_sso":false,"log_type":"account","traits":{"provider":"email"}}', '2025-06-13 04:10:48.70974+00', ''),
	('00000000-0000-0000-0000-000000000000', '8ab4258f-e5a1-4423-be5e-3c205b914878', '{"action":"login","actor_id":"36deaa22-fb96-4124-a7d2-10293abb382b","actor_username":"elvissawing.muran@gmail.com","actor_via_sso":false,"log_type":"account","traits":{"provider":"email"}}', '2025-06-13 04:14:28.293071+00', ''),
	('00000000-0000-0000-0000-000000000000', '15813f4a-02a4-46cb-8a3b-d565aa9c321a', '{"action":"login","actor_id":"36deaa22-fb96-4124-a7d2-10293abb382b","actor_username":"elvissawing.muran@gmail.com","actor_via_sso":false,"log_type":"account","traits":{"provider":"email"}}', '2025-06-13 04:22:00.612153+00', ''),
	('00000000-0000-0000-0000-000000000000', 'ceda05ce-b4ba-4578-9b4f-7732b06d3d56', '{"action":"login","actor_id":"9ac7dc7b-c5b7-4248-a435-29f3c3e38702","actor_username":"archieyumdumb@gmail.com","actor_via_sso":false,"log_type":"account","traits":{"provider":"email"}}', '2025-06-13 04:28:28.746431+00', ''),
	('00000000-0000-0000-0000-000000000000', '0499093a-c1c0-4ca7-900b-5020410f8645', '{"action":"logout","actor_id":"9ac7dc7b-c5b7-4248-a435-29f3c3e38702","actor_username":"archieyumdumb@gmail.com","actor_via_sso":false,"log_type":"account"}', '2025-06-13 04:33:39.409879+00', ''),
	('00000000-0000-0000-0000-000000000000', 'fe0c1e07-96a4-4040-a448-8313d64adafe', '{"action":"login","actor_id":"9ac7dc7b-c5b7-4248-a435-29f3c3e38702","actor_username":"archieyumdumb@gmail.com","actor_via_sso":false,"log_type":"account","traits":{"provider":"email"}}', '2025-06-13 04:34:18.388201+00', ''),
	('00000000-0000-0000-0000-000000000000', '587c7a6b-8e5a-447a-bae2-db2d64c73190', '{"action":"logout","actor_id":"9ac7dc7b-c5b7-4248-a435-29f3c3e38702","actor_username":"archieyumdumb@gmail.com","actor_via_sso":false,"log_type":"account"}', '2025-06-13 04:42:38.510535+00', ''),
	('00000000-0000-0000-0000-000000000000', '55f17224-2995-4485-92de-beac8c71eb60', '{"action":"login","actor_id":"9ac7dc7b-c5b7-4248-a435-29f3c3e38702","actor_username":"archieyumdumb@gmail.com","actor_via_sso":false,"log_type":"account","traits":{"provider":"email"}}', '2025-06-13 04:45:08.223074+00', ''),
	('00000000-0000-0000-0000-000000000000', '253afe24-c9d5-484f-abf2-ecc1513787f0', '{"action":"logout","actor_id":"9ac7dc7b-c5b7-4248-a435-29f3c3e38702","actor_username":"archieyumdumb@gmail.com","actor_via_sso":false,"log_type":"account"}', '2025-06-13 04:50:04.922447+00', ''),
	('00000000-0000-0000-0000-000000000000', '1469a971-a185-499c-915f-529347401521', '{"action":"login","actor_id":"9ac7dc7b-c5b7-4248-a435-29f3c3e38702","actor_username":"archieyumdumb@gmail.com","actor_via_sso":false,"log_type":"account","traits":{"provider":"email"}}', '2025-06-13 05:00:44.273264+00', ''),
	('00000000-0000-0000-0000-000000000000', 'f36037fd-33c9-4ba4-ba2b-797001859847', '{"action":"logout","actor_id":"9ac7dc7b-c5b7-4248-a435-29f3c3e38702","actor_username":"archieyumdumb@gmail.com","actor_via_sso":false,"log_type":"account"}', '2025-06-13 05:23:51.991613+00', ''),
	('00000000-0000-0000-0000-000000000000', 'aefbe1a1-17e1-43b9-ba7b-2c0f2f67be30', '{"action":"login","actor_id":"9ac7dc7b-c5b7-4248-a435-29f3c3e38702","actor_username":"archieyumdumb@gmail.com","actor_via_sso":false,"log_type":"account","traits":{"provider":"email"}}', '2025-06-13 05:31:28.612661+00', ''),
	('00000000-0000-0000-0000-000000000000', '92ae996a-cb51-4025-a35e-77b880738af7', '{"action":"login","actor_id":"9ac7dc7b-c5b7-4248-a435-29f3c3e38702","actor_username":"archieyumdumb@gmail.com","actor_via_sso":false,"log_type":"account","traits":{"provider":"email"}}', '2025-06-13 05:36:27.855602+00', ''),
	('00000000-0000-0000-0000-000000000000', '741922a3-73d9-4f25-b390-b2ece5a2af49', '{"action":"logout","actor_id":"9ac7dc7b-c5b7-4248-a435-29f3c3e38702","actor_username":"archieyumdumb@gmail.com","actor_via_sso":false,"log_type":"account"}', '2025-06-13 05:36:55.811713+00', ''),
	('00000000-0000-0000-0000-000000000000', '6b923528-0997-479c-844f-b63ffefe3cdd', '{"action":"login","actor_id":"36deaa22-fb96-4124-a7d2-10293abb382b","actor_username":"elvissawing.muran@gmail.com","actor_via_sso":false,"log_type":"account","traits":{"provider":"email"}}', '2025-06-13 05:37:05.737061+00', ''),
	('00000000-0000-0000-0000-000000000000', '2af3dc24-fccc-42ee-9650-25e3fc97a682', '{"action":"token_refreshed","actor_id":"36deaa22-fb96-4124-a7d2-10293abb382b","actor_username":"elvissawing.muran@gmail.com","actor_via_sso":false,"log_type":"token"}', '2025-06-13 06:35:10.171455+00', ''),
	('00000000-0000-0000-0000-000000000000', '0321d58e-e008-442d-bab3-c97110890684', '{"action":"token_revoked","actor_id":"36deaa22-fb96-4124-a7d2-10293abb382b","actor_username":"elvissawing.muran@gmail.com","actor_via_sso":false,"log_type":"token"}', '2025-06-13 06:35:10.180802+00', ''),
	('00000000-0000-0000-0000-000000000000', 'b09402ef-5650-4d2a-ac39-ad7180d666a6', '{"action":"token_refreshed","actor_id":"36deaa22-fb96-4124-a7d2-10293abb382b","actor_username":"elvissawing.muran@gmail.com","actor_via_sso":false,"log_type":"token"}', '2025-06-13 08:36:29.388455+00', ''),
	('00000000-0000-0000-0000-000000000000', '4a688822-105d-4a19-aef5-5b6d45dc6828', '{"action":"token_revoked","actor_id":"36deaa22-fb96-4124-a7d2-10293abb382b","actor_username":"elvissawing.muran@gmail.com","actor_via_sso":false,"log_type":"token"}', '2025-06-13 08:36:29.390808+00', ''),
	('00000000-0000-0000-0000-000000000000', 'f0f58390-e1fb-4ebd-902c-2df63500de34', '{"action":"token_refreshed","actor_id":"36deaa22-fb96-4124-a7d2-10293abb382b","actor_username":"elvissawing.muran@gmail.com","actor_via_sso":false,"log_type":"token"}', '2025-06-13 08:36:31.809634+00', ''),
	('00000000-0000-0000-0000-000000000000', '2e1d7c86-8680-48ad-8d73-dc0cd97824fa', '{"action":"token_refreshed","actor_id":"36deaa22-fb96-4124-a7d2-10293abb382b","actor_username":"elvissawing.muran@gmail.com","actor_via_sso":false,"log_type":"token"}', '2025-06-13 08:36:33.008046+00', ''),
	('00000000-0000-0000-0000-000000000000', 'ac3ba232-0d8a-4269-86c3-158c07da03c9', '{"action":"token_refreshed","actor_id":"36deaa22-fb96-4124-a7d2-10293abb382b","actor_username":"elvissawing.muran@gmail.com","actor_via_sso":false,"log_type":"token"}', '2025-06-13 09:19:26.432868+00', ''),
	('00000000-0000-0000-0000-000000000000', '53d20ff4-a857-4569-92d6-d2c4d38eb219', '{"action":"token_revoked","actor_id":"36deaa22-fb96-4124-a7d2-10293abb382b","actor_username":"elvissawing.muran@gmail.com","actor_via_sso":false,"log_type":"token"}', '2025-06-13 09:19:26.436054+00', ''),
	('00000000-0000-0000-0000-000000000000', '1b92b1a7-5bce-4181-8a54-8a69e0f01f95', '{"action":"token_refreshed","actor_id":"36deaa22-fb96-4124-a7d2-10293abb382b","actor_username":"elvissawing.muran@gmail.com","actor_via_sso":false,"log_type":"token"}', '2025-06-13 12:22:29.652179+00', ''),
	('00000000-0000-0000-0000-000000000000', '466954e5-006f-4155-923a-fb94ba2548a6', '{"action":"token_revoked","actor_id":"36deaa22-fb96-4124-a7d2-10293abb382b","actor_username":"elvissawing.muran@gmail.com","actor_via_sso":false,"log_type":"token"}', '2025-06-13 12:22:29.656347+00', ''),
	('00000000-0000-0000-0000-000000000000', '83302f81-0848-4edb-8a2e-b6c3ec4f8950', '{"action":"login","actor_id":"9ac7dc7b-c5b7-4248-a435-29f3c3e38702","actor_username":"archieyumdumb@gmail.com","actor_via_sso":false,"log_type":"account","traits":{"provider":"email"}}', '2025-06-13 12:22:52.753015+00', ''),
	('00000000-0000-0000-0000-000000000000', '452acc61-1534-4338-b264-841ff11d7f11', '{"action":"login","actor_id":"9ac7dc7b-c5b7-4248-a435-29f3c3e38702","actor_username":"archieyumdumb@gmail.com","actor_via_sso":false,"log_type":"account","traits":{"provider":"email"}}', '2025-06-13 13:07:17.826253+00', ''),
	('00000000-0000-0000-0000-000000000000', 'e6c8400c-ef71-4350-8bb7-4c65c1a73af0', '{"action":"token_refreshed","actor_id":"36deaa22-fb96-4124-a7d2-10293abb382b","actor_username":"elvissawing.muran@gmail.com","actor_via_sso":false,"log_type":"token"}', '2025-06-13 13:15:13.116757+00', ''),
	('00000000-0000-0000-0000-000000000000', '6df2ace0-01dd-4df0-8541-eea7dc1ba847', '{"action":"token_revoked","actor_id":"36deaa22-fb96-4124-a7d2-10293abb382b","actor_username":"elvissawing.muran@gmail.com","actor_via_sso":false,"log_type":"token"}', '2025-06-13 13:15:13.120316+00', ''),
	('00000000-0000-0000-0000-000000000000', '533e23e5-ff71-4a39-89f1-e5d8f583264a', '{"action":"login","actor_id":"36deaa22-fb96-4124-a7d2-10293abb382b","actor_username":"elvissawing.muran@gmail.com","actor_via_sso":false,"log_type":"account","traits":{"provider":"email"}}', '2025-06-13 13:16:33.79001+00', ''),
	('00000000-0000-0000-0000-000000000000', '7bd2a261-dfc7-4aaf-bbcf-cebb44c8fb68', '{"action":"logout","actor_id":"36deaa22-fb96-4124-a7d2-10293abb382b","actor_username":"elvissawing.muran@gmail.com","actor_via_sso":false,"log_type":"account"}', '2025-06-13 13:16:57.940553+00', ''),
	('00000000-0000-0000-0000-000000000000', '35373ab1-5d91-4133-8f7e-c12553553759', '{"action":"logout","actor_id":"36deaa22-fb96-4124-a7d2-10293abb382b","actor_username":"elvissawing.muran@gmail.com","actor_via_sso":false,"log_type":"account"}', '2025-06-14 10:59:47.946239+00', ''),
	('00000000-0000-0000-0000-000000000000', '74a06989-4c89-4166-9963-3e4570df3563', '{"action":"user_repeated_signup","actor_id":"f274a7d4-208e-46cc-8331-cfe5767843b0","actor_username":"eisraqrejab2409@gmail.com","actor_via_sso":false,"log_type":"user","traits":{"provider":"email"}}', '2025-06-13 13:17:13.759268+00', ''),
	('00000000-0000-0000-0000-000000000000', '60fc5da6-e539-44d0-b91a-d7003bd8f4cb', '{"action":"user_repeated_signup","actor_id":"f274a7d4-208e-46cc-8331-cfe5767843b0","actor_username":"eisraqrejab2409@gmail.com","actor_via_sso":false,"log_type":"user","traits":{"provider":"email"}}', '2025-06-13 13:18:23.994278+00', ''),
	('00000000-0000-0000-0000-000000000000', '3da691e9-a40d-4ccc-8c43-886cdce20423', '{"action":"user_confirmation_requested","actor_id":"f3ef37a5-299a-4a80-87d2-949c55d6fbea","actor_username":"u2102340@siswa.um.edu.my","actor_via_sso":false,"log_type":"user","traits":{"provider":"email"}}', '2025-06-13 13:19:12.830124+00', ''),
	('00000000-0000-0000-0000-000000000000', '5dad0b5a-d5ba-4ea7-9172-1a51aedf3e68', '{"action":"user_confirmation_requested","actor_id":"f3ef37a5-299a-4a80-87d2-949c55d6fbea","actor_username":"u2102340@siswa.um.edu.my","actor_via_sso":false,"log_type":"user"}', '2025-06-13 13:20:20.038423+00', ''),
	('00000000-0000-0000-0000-000000000000', '79a9d63c-2e04-4aba-8616-2f4e6a343bf2', '{"action":"user_signedup","actor_id":"f3ef37a5-299a-4a80-87d2-949c55d6fbea","actor_username":"u2102340@siswa.um.edu.my","actor_via_sso":false,"log_type":"team"}', '2025-06-13 13:21:24.673952+00', ''),
	('00000000-0000-0000-0000-000000000000', '4506ccce-2c6d-4a8c-b1d2-230e31587777', '{"action":"login","actor_id":"f3ef37a5-299a-4a80-87d2-949c55d6fbea","actor_username":"u2102340@siswa.um.edu.my","actor_via_sso":false,"log_type":"account","traits":{"provider":"email"}}', '2025-06-13 13:21:34.924801+00', ''),
	('00000000-0000-0000-0000-000000000000', '81120044-b448-4e36-8e53-033381404c55', '{"action":"login","actor_id":"f3ef37a5-299a-4a80-87d2-949c55d6fbea","actor_username":"u2102340@siswa.um.edu.my","actor_via_sso":false,"log_type":"account","traits":{"provider":"email"}}', '2025-06-13 13:38:38.795835+00', ''),
	('00000000-0000-0000-0000-000000000000', 'b597d90d-bfcc-43f0-9126-5243fb547104', '{"action":"login","actor_id":"9ac7dc7b-c5b7-4248-a435-29f3c3e38702","actor_username":"archieyumdumb@gmail.com","actor_via_sso":false,"log_type":"account","traits":{"provider":"email"}}', '2025-06-13 13:48:59.624118+00', ''),
	('00000000-0000-0000-0000-000000000000', '6ef780aa-48d2-4c7f-a1ff-a28399fe8f93', '{"action":"login","actor_id":"9ac7dc7b-c5b7-4248-a435-29f3c3e38702","actor_username":"archieyumdumb@gmail.com","actor_via_sso":false,"log_type":"account","traits":{"provider":"email"}}', '2025-06-13 14:11:05.038611+00', ''),
	('00000000-0000-0000-0000-000000000000', '12f8fdee-3578-4cf2-826a-2a566324a16b', '{"action":"login","actor_id":"f3ef37a5-299a-4a80-87d2-949c55d6fbea","actor_username":"u2102340@siswa.um.edu.my","actor_via_sso":false,"log_type":"account","traits":{"provider":"email"}}', '2025-06-13 14:22:00.685286+00', ''),
	('00000000-0000-0000-0000-000000000000', '528c3313-5436-4886-a9db-a21aea425772', '{"action":"logout","actor_id":"9ac7dc7b-c5b7-4248-a435-29f3c3e38702","actor_username":"archieyumdumb@gmail.com","actor_via_sso":false,"log_type":"account"}', '2025-06-13 14:41:40.182164+00', ''),
	('00000000-0000-0000-0000-000000000000', '98565162-0ff4-4991-8ab6-2cc37171162a', '{"action":"login","actor_id":"36deaa22-fb96-4124-a7d2-10293abb382b","actor_username":"elvissawing.muran@gmail.com","actor_via_sso":false,"log_type":"account","traits":{"provider":"email"}}', '2025-06-13 14:41:47.634479+00', ''),
	('00000000-0000-0000-0000-000000000000', '58ca9b33-b1b8-480d-8f12-3518ccd6a893', '{"action":"login","actor_id":"36deaa22-fb96-4124-a7d2-10293abb382b","actor_username":"elvissawing.muran@gmail.com","actor_via_sso":false,"log_type":"account","traits":{"provider":"email"}}', '2025-06-13 14:47:52.095121+00', ''),
	('00000000-0000-0000-0000-000000000000', '084f8cbb-6c2b-4641-9c8d-bb73ac940b7a', '{"action":"logout","actor_id":"36deaa22-fb96-4124-a7d2-10293abb382b","actor_username":"elvissawing.muran@gmail.com","actor_via_sso":false,"log_type":"account"}', '2025-06-13 14:50:15.774248+00', ''),
	('00000000-0000-0000-0000-000000000000', '7d4b323d-c1d8-49c8-afb0-2e19e6607888', '{"action":"login","actor_id":"9ac7dc7b-c5b7-4248-a435-29f3c3e38702","actor_username":"archieyumdumb@gmail.com","actor_via_sso":false,"log_type":"account","traits":{"provider":"email"}}', '2025-06-13 14:50:58.128765+00', ''),
	('00000000-0000-0000-0000-000000000000', 'b98babd0-cbb8-45a4-a5c5-dfaf1ed4b653', '{"action":"logout","actor_id":"9ac7dc7b-c5b7-4248-a435-29f3c3e38702","actor_username":"archieyumdumb@gmail.com","actor_via_sso":false,"log_type":"account"}', '2025-06-13 14:52:23.765095+00', ''),
	('00000000-0000-0000-0000-000000000000', 'c240bd8a-10b7-41a3-acb8-d609d4207fc9', '{"action":"login","actor_id":"608a33e2-d7f4-4773-bf4a-fa0bfbb9bab2","actor_username":"u2101680@siswa.um.edu.my","actor_via_sso":false,"log_type":"account","traits":{"provider":"email"}}', '2025-06-13 14:52:34.08177+00', ''),
	('00000000-0000-0000-0000-000000000000', '082a2422-63c9-46b9-bca1-66c410c06ab7', '{"action":"token_refreshed","actor_id":"608a33e2-d7f4-4773-bf4a-fa0bfbb9bab2","actor_username":"u2101680@siswa.um.edu.my","actor_via_sso":false,"log_type":"token"}', '2025-06-13 17:39:38.583881+00', ''),
	('00000000-0000-0000-0000-000000000000', '135b6ff4-9bb5-4a80-bec2-7a81e5d14572', '{"action":"token_revoked","actor_id":"608a33e2-d7f4-4773-bf4a-fa0bfbb9bab2","actor_username":"u2101680@siswa.um.edu.my","actor_via_sso":false,"log_type":"token"}', '2025-06-13 17:39:38.59076+00', ''),
	('00000000-0000-0000-0000-000000000000', '8a499109-3355-4a41-8f16-a6494e72b83f', '{"action":"logout","actor_id":"608a33e2-d7f4-4773-bf4a-fa0bfbb9bab2","actor_username":"u2101680@siswa.um.edu.my","actor_via_sso":false,"log_type":"account"}', '2025-06-13 17:44:08.869142+00', ''),
	('00000000-0000-0000-0000-000000000000', '3d722b94-cf00-4389-9032-60bbc65d1a9a', '{"action":"login","actor_id":"9ac7dc7b-c5b7-4248-a435-29f3c3e38702","actor_username":"archieyumdumb@gmail.com","actor_via_sso":false,"log_type":"account","traits":{"provider":"email"}}', '2025-06-13 17:44:41.349774+00', ''),
	('00000000-0000-0000-0000-000000000000', 'f5b872d2-2935-471e-b5e8-c8126224da4f', '{"action":"login","actor_id":"9ac7dc7b-c5b7-4248-a435-29f3c3e38702","actor_username":"archieyumdumb@gmail.com","actor_via_sso":false,"log_type":"account","traits":{"provider":"email"}}', '2025-06-13 18:42:44.401621+00', ''),
	('00000000-0000-0000-0000-000000000000', 'bca3c505-9de8-40b4-9f06-a9f4da984d2d', '{"action":"login","actor_id":"9ac7dc7b-c5b7-4248-a435-29f3c3e38702","actor_username":"archieyumdumb@gmail.com","actor_via_sso":false,"log_type":"account","traits":{"provider":"email"}}', '2025-06-13 18:56:33.502989+00', ''),
	('00000000-0000-0000-0000-000000000000', '4d5b5cc2-e45f-4905-bf96-4b60a6cd924b', '{"action":"logout","actor_id":"9ac7dc7b-c5b7-4248-a435-29f3c3e38702","actor_username":"archieyumdumb@gmail.com","actor_via_sso":false,"log_type":"account"}', '2025-06-13 19:13:34.6116+00', ''),
	('00000000-0000-0000-0000-000000000000', 'cfe643ef-6ad1-4965-9f52-1d6b9cd24c8b', '{"action":"login","actor_id":"608a33e2-d7f4-4773-bf4a-fa0bfbb9bab2","actor_username":"u2101680@siswa.um.edu.my","actor_via_sso":false,"log_type":"account","traits":{"provider":"email"}}', '2025-06-13 19:13:39.654075+00', ''),
	('00000000-0000-0000-0000-000000000000', 'ada5851c-d816-4808-8a1e-6d6e19d0a7a0', '{"action":"logout","actor_id":"608a33e2-d7f4-4773-bf4a-fa0bfbb9bab2","actor_username":"u2101680@siswa.um.edu.my","actor_via_sso":false,"log_type":"account"}', '2025-06-13 19:14:11.627047+00', ''),
	('00000000-0000-0000-0000-000000000000', 'd227cf40-4082-4996-a6c0-d14a8fbae17c', '{"action":"login","actor_id":"9ac7dc7b-c5b7-4248-a435-29f3c3e38702","actor_username":"archieyumdumb@gmail.com","actor_via_sso":false,"log_type":"account","traits":{"provider":"email"}}', '2025-06-13 19:14:18.59796+00', ''),
	('00000000-0000-0000-0000-000000000000', 'e5b76fb7-6c44-459e-815b-d13896526d5e', '{"action":"token_refreshed","actor_id":"f3ef37a5-299a-4a80-87d2-949c55d6fbea","actor_username":"u2102340@siswa.um.edu.my","actor_via_sso":false,"log_type":"token"}', '2025-06-13 20:32:37.726432+00', ''),
	('00000000-0000-0000-0000-000000000000', '51f88288-7052-409e-a31f-ce1317feb2e3', '{"action":"token_revoked","actor_id":"f3ef37a5-299a-4a80-87d2-949c55d6fbea","actor_username":"u2102340@siswa.um.edu.my","actor_via_sso":false,"log_type":"token"}', '2025-06-13 20:32:37.73116+00', ''),
	('00000000-0000-0000-0000-000000000000', 'de4d8d23-11eb-417b-bf0e-8f8c27629bd6', '{"action":"login","actor_id":"f3ef37a5-299a-4a80-87d2-949c55d6fbea","actor_username":"u2102340@siswa.um.edu.my","actor_via_sso":false,"log_type":"account","traits":{"provider":"email"}}', '2025-06-13 20:33:15.809171+00', ''),
	('00000000-0000-0000-0000-000000000000', 'c6f1e879-5bd1-46b2-85be-9fd76f8c30fa', '{"action":"login","actor_id":"f3ef37a5-299a-4a80-87d2-949c55d6fbea","actor_username":"u2102340@siswa.um.edu.my","actor_via_sso":false,"log_type":"account","traits":{"provider":"email"}}', '2025-06-13 20:34:42.427346+00', ''),
	('00000000-0000-0000-0000-000000000000', '738c866f-572b-4f8c-b1f6-77ca7a8e8563', '{"action":"token_refreshed","actor_id":"9ac7dc7b-c5b7-4248-a435-29f3c3e38702","actor_username":"archieyumdumb@gmail.com","actor_via_sso":false,"log_type":"token"}', '2025-06-14 02:30:07.721523+00', ''),
	('00000000-0000-0000-0000-000000000000', '6809bc02-da76-46ff-9465-260a7123c387', '{"action":"token_revoked","actor_id":"9ac7dc7b-c5b7-4248-a435-29f3c3e38702","actor_username":"archieyumdumb@gmail.com","actor_via_sso":false,"log_type":"token"}', '2025-06-14 02:30:07.726335+00', ''),
	('00000000-0000-0000-0000-000000000000', '48fa6d0d-e366-4483-9db4-1ef4a8db2a50', '{"action":"login","actor_id":"9ac7dc7b-c5b7-4248-a435-29f3c3e38702","actor_username":"archieyumdumb@gmail.com","actor_via_sso":false,"log_type":"account","traits":{"provider":"email"}}', '2025-06-14 03:03:21.698598+00', ''),
	('00000000-0000-0000-0000-000000000000', '93944918-3ac1-4682-ac3b-3d76ac786c54', '{"action":"login","actor_id":"9ac7dc7b-c5b7-4248-a435-29f3c3e38702","actor_username":"archieyumdumb@gmail.com","actor_via_sso":false,"log_type":"account","traits":{"provider":"email"}}', '2025-06-14 03:03:43.358278+00', ''),
	('00000000-0000-0000-0000-000000000000', '90d5f441-c74f-46ae-a5c4-3b13b05b497a', '{"action":"token_refreshed","actor_id":"9ac7dc7b-c5b7-4248-a435-29f3c3e38702","actor_username":"archieyumdumb@gmail.com","actor_via_sso":false,"log_type":"token"}', '2025-06-14 04:05:46.999485+00', ''),
	('00000000-0000-0000-0000-000000000000', '8cb8f244-0ba6-473d-a413-e31f0d6917c4', '{"action":"token_revoked","actor_id":"9ac7dc7b-c5b7-4248-a435-29f3c3e38702","actor_username":"archieyumdumb@gmail.com","actor_via_sso":false,"log_type":"token"}', '2025-06-14 04:05:47.005918+00', ''),
	('00000000-0000-0000-0000-000000000000', 'a18d4bde-86ee-445d-a1f8-21cc3460a499', '{"action":"login","actor_id":"9ac7dc7b-c5b7-4248-a435-29f3c3e38702","actor_username":"archieyumdumb@gmail.com","actor_via_sso":false,"log_type":"account","traits":{"provider":"email"}}', '2025-06-14 04:06:34.780526+00', ''),
	('00000000-0000-0000-0000-000000000000', 'dd6a12b8-9825-422b-9b13-2f3cf0fc6b93', '{"action":"token_refreshed","actor_id":"f3ef37a5-299a-4a80-87d2-949c55d6fbea","actor_username":"u2102340@siswa.um.edu.my","actor_via_sso":false,"log_type":"token"}', '2025-06-14 04:29:31.927217+00', ''),
	('00000000-0000-0000-0000-000000000000', '9d3fbf3c-1c79-4145-9f3e-ddebf5059a04', '{"action":"token_revoked","actor_id":"f3ef37a5-299a-4a80-87d2-949c55d6fbea","actor_username":"u2102340@siswa.um.edu.my","actor_via_sso":false,"log_type":"token"}', '2025-06-14 04:29:31.931651+00', ''),
	('00000000-0000-0000-0000-000000000000', 'fdaf473c-8518-41ed-b78c-d8cc21ac0017', '{"action":"login","actor_id":"f3ef37a5-299a-4a80-87d2-949c55d6fbea","actor_username":"u2102340@siswa.um.edu.my","actor_via_sso":false,"log_type":"account","traits":{"provider":"email"}}', '2025-06-14 04:29:54.289861+00', ''),
	('00000000-0000-0000-0000-000000000000', 'ac7031bc-72e7-4dc8-83cf-ac6664511fee', '{"action":"login","actor_id":"f3ef37a5-299a-4a80-87d2-949c55d6fbea","actor_username":"u2102340@siswa.um.edu.my","actor_via_sso":false,"log_type":"account","traits":{"provider":"email"}}', '2025-06-14 05:09:29.257839+00', ''),
	('00000000-0000-0000-0000-000000000000', 'a004eedd-3a5e-4866-b02b-4d9488b7d33d', '{"action":"token_refreshed","actor_id":"9ac7dc7b-c5b7-4248-a435-29f3c3e38702","actor_username":"archieyumdumb@gmail.com","actor_via_sso":false,"log_type":"token"}', '2025-06-14 05:18:59.03778+00', ''),
	('00000000-0000-0000-0000-000000000000', '5bbcb1ea-b75a-4fc6-9dd5-ab0302eaa468', '{"action":"token_revoked","actor_id":"9ac7dc7b-c5b7-4248-a435-29f3c3e38702","actor_username":"archieyumdumb@gmail.com","actor_via_sso":false,"log_type":"token"}', '2025-06-14 05:18:59.041241+00', ''),
	('00000000-0000-0000-0000-000000000000', '33872e67-b471-4a31-ac02-2aca5ced1323', '{"action":"logout","actor_id":"9ac7dc7b-c5b7-4248-a435-29f3c3e38702","actor_username":"archieyumdumb@gmail.com","actor_via_sso":false,"log_type":"account"}', '2025-06-14 06:00:33.018807+00', ''),
	('00000000-0000-0000-0000-000000000000', 'a5632dad-c3aa-492f-ab46-5797f0a8ed0d', '{"action":"login","actor_id":"36deaa22-fb96-4124-a7d2-10293abb382b","actor_username":"elvissawing.muran@gmail.com","actor_via_sso":false,"log_type":"account","traits":{"provider":"email"}}', '2025-06-14 06:00:39.094734+00', ''),
	('00000000-0000-0000-0000-000000000000', '895ec712-dbbd-4a6f-a601-988359ff062c', '{"action":"token_refreshed","actor_id":"f3ef37a5-299a-4a80-87d2-949c55d6fbea","actor_username":"u2102340@siswa.um.edu.my","actor_via_sso":false,"log_type":"token"}', '2025-06-14 06:07:37.809773+00', ''),
	('00000000-0000-0000-0000-000000000000', '5b11783c-f6b3-468c-b664-2b7e32c02a6d', '{"action":"token_revoked","actor_id":"f3ef37a5-299a-4a80-87d2-949c55d6fbea","actor_username":"u2102340@siswa.um.edu.my","actor_via_sso":false,"log_type":"token"}', '2025-06-14 06:07:37.811329+00', ''),
	('00000000-0000-0000-0000-000000000000', '458510ed-eee9-4d02-b442-ed808efb1deb', '{"action":"login","actor_id":"f3ef37a5-299a-4a80-87d2-949c55d6fbea","actor_username":"u2102340@siswa.um.edu.my","actor_via_sso":false,"log_type":"account","traits":{"provider":"email"}}', '2025-06-14 06:45:58.082764+00', ''),
	('00000000-0000-0000-0000-000000000000', '0c8f622a-32ad-4be8-9657-78daae285dcd', '{"action":"login","actor_id":"f3ef37a5-299a-4a80-87d2-949c55d6fbea","actor_username":"u2102340@siswa.um.edu.my","actor_via_sso":false,"log_type":"account","traits":{"provider":"email"}}', '2025-06-14 07:10:21.534961+00', ''),
	('00000000-0000-0000-0000-000000000000', '09e43aa2-00d0-403e-96e3-a95749df7d62', '{"action":"login","actor_id":"f3ef37a5-299a-4a80-87d2-949c55d6fbea","actor_username":"u2102340@siswa.um.edu.my","actor_via_sso":false,"log_type":"account","traits":{"provider":"email"}}', '2025-06-14 07:18:07.516458+00', ''),
	('00000000-0000-0000-0000-000000000000', 'a64b1619-92e3-41cc-b501-f7f1bf77804d', '{"action":"token_refreshed","actor_id":"f3ef37a5-299a-4a80-87d2-949c55d6fbea","actor_username":"u2102340@siswa.um.edu.my","actor_via_sso":false,"log_type":"token"}', '2025-06-14 08:17:54.846286+00', ''),
	('00000000-0000-0000-0000-000000000000', '1823f8c9-d417-484c-a9fe-34b8ff5d89ae', '{"action":"token_revoked","actor_id":"f3ef37a5-299a-4a80-87d2-949c55d6fbea","actor_username":"u2102340@siswa.um.edu.my","actor_via_sso":false,"log_type":"token"}', '2025-06-14 08:17:54.852369+00', ''),
	('00000000-0000-0000-0000-000000000000', 'b519c621-ec61-4a54-bc97-ea718d69f772', '{"action":"login","actor_id":"f3ef37a5-299a-4a80-87d2-949c55d6fbea","actor_username":"u2102340@siswa.um.edu.my","actor_via_sso":false,"log_type":"account","traits":{"provider":"email"}}', '2025-06-14 08:19:01.304763+00', ''),
	('00000000-0000-0000-0000-000000000000', 'bffe3bf4-86b7-4eb5-8787-887ac5d8df43', '{"action":"token_refreshed","actor_id":"36deaa22-fb96-4124-a7d2-10293abb382b","actor_username":"elvissawing.muran@gmail.com","actor_via_sso":false,"log_type":"token"}', '2025-06-14 09:29:31.50833+00', ''),
	('00000000-0000-0000-0000-000000000000', '4cddc4c6-8c02-456f-960c-3c7c7c4fc03c', '{"action":"token_revoked","actor_id":"36deaa22-fb96-4124-a7d2-10293abb382b","actor_username":"elvissawing.muran@gmail.com","actor_via_sso":false,"log_type":"token"}', '2025-06-14 09:29:31.513183+00', ''),
	('00000000-0000-0000-0000-000000000000', 'a535e6c4-a724-4a49-9c5e-d20f550fda86', '{"action":"token_refreshed","actor_id":"36deaa22-fb96-4124-a7d2-10293abb382b","actor_username":"elvissawing.muran@gmail.com","actor_via_sso":false,"log_type":"token"}', '2025-06-14 10:32:18.873777+00', ''),
	('00000000-0000-0000-0000-000000000000', '6f46af2c-7282-42a3-8059-4daa46868674', '{"action":"token_revoked","actor_id":"36deaa22-fb96-4124-a7d2-10293abb382b","actor_username":"elvissawing.muran@gmail.com","actor_via_sso":false,"log_type":"token"}', '2025-06-14 10:32:18.877264+00', ''),
	('00000000-0000-0000-0000-000000000000', '1575ece0-8889-490d-97be-4ae068e368bd', '{"action":"logout","actor_id":"36deaa22-fb96-4124-a7d2-10293abb382b","actor_username":"elvissawing.muran@gmail.com","actor_via_sso":false,"log_type":"account"}', '2025-06-14 10:40:37.377814+00', ''),
	('00000000-0000-0000-0000-000000000000', '08cb6837-4334-4acf-9699-a8062a079cbe', '{"action":"login","actor_id":"36deaa22-fb96-4124-a7d2-10293abb382b","actor_username":"elvissawing.muran@gmail.com","actor_via_sso":false,"log_type":"account","traits":{"provider":"email"}}', '2025-06-14 10:41:39.631373+00', ''),
	('00000000-0000-0000-0000-000000000000', 'aa97cde6-2734-4a8f-9283-3b6f0aaf9d3e', '{"action":"token_refreshed","actor_id":"f3ef37a5-299a-4a80-87d2-949c55d6fbea","actor_username":"u2102340@siswa.um.edu.my","actor_via_sso":false,"log_type":"token"}', '2025-06-14 10:53:00.133703+00', ''),
	('00000000-0000-0000-0000-000000000000', 'a4145999-d6c0-4256-a5a1-e4690ec1f13e', '{"action":"token_revoked","actor_id":"f3ef37a5-299a-4a80-87d2-949c55d6fbea","actor_username":"u2102340@siswa.um.edu.my","actor_via_sso":false,"log_type":"token"}', '2025-06-14 10:53:00.135683+00', ''),
	('00000000-0000-0000-0000-000000000000', 'fb967168-c8a0-42b9-a462-ab28ad04c8b2', '{"action":"login","actor_id":"9ac7dc7b-c5b7-4248-a435-29f3c3e38702","actor_username":"archieyumdumb@gmail.com","actor_via_sso":false,"log_type":"account","traits":{"provider":"email"}}', '2025-06-14 10:59:52.812697+00', ''),
	('00000000-0000-0000-0000-000000000000', '8ca8238e-765d-4ca6-8152-425d256b49a8', '{"action":"login","actor_id":"f3ef37a5-299a-4a80-87d2-949c55d6fbea","actor_username":"u2102340@siswa.um.edu.my","actor_via_sso":false,"log_type":"account","traits":{"provider":"email"}}', '2025-06-14 11:01:05.741919+00', ''),
	('00000000-0000-0000-0000-000000000000', '52a9f1fe-e67b-4069-a0ce-4f3b0fb00527', '{"action":"token_refreshed","actor_id":"9ac7dc7b-c5b7-4248-a435-29f3c3e38702","actor_username":"archieyumdumb@gmail.com","actor_via_sso":false,"log_type":"token"}', '2025-06-14 12:07:48.35221+00', ''),
	('00000000-0000-0000-0000-000000000000', 'eeedb8e6-4788-4c51-980a-ed70af7f0476', '{"action":"token_revoked","actor_id":"9ac7dc7b-c5b7-4248-a435-29f3c3e38702","actor_username":"archieyumdumb@gmail.com","actor_via_sso":false,"log_type":"token"}', '2025-06-14 12:07:48.354861+00', ''),
	('00000000-0000-0000-0000-000000000000', 'a6823caf-f877-46c9-8883-98ff98046425', '{"action":"token_refreshed","actor_id":"9ac7dc7b-c5b7-4248-a435-29f3c3e38702","actor_username":"archieyumdumb@gmail.com","actor_via_sso":false,"log_type":"token"}', '2025-06-14 12:07:48.37873+00', ''),
	('00000000-0000-0000-0000-000000000000', '5f2e659b-b4a8-45c8-8987-4f580f1b9ea5', '{"action":"token_refreshed","actor_id":"9ac7dc7b-c5b7-4248-a435-29f3c3e38702","actor_username":"archieyumdumb@gmail.com","actor_via_sso":false,"log_type":"token"}', '2025-06-14 12:07:48.415109+00', ''),
	('00000000-0000-0000-0000-000000000000', 'a8f70229-886f-4d4a-85af-87fd2e02c99b', '{"action":"login","actor_id":"9ac7dc7b-c5b7-4248-a435-29f3c3e38702","actor_username":"archieyumdumb@gmail.com","actor_via_sso":false,"log_type":"account","traits":{"provider":"email"}}', '2025-06-14 12:16:31.427783+00', ''),
	('00000000-0000-0000-0000-000000000000', '2efd81f8-f0e6-4c3c-8708-9fd16e68cdea', '{"action":"token_refreshed","actor_id":"f3ef37a5-299a-4a80-87d2-949c55d6fbea","actor_username":"u2102340@siswa.um.edu.my","actor_via_sso":false,"log_type":"token"}', '2025-06-14 12:21:54.429833+00', ''),
	('00000000-0000-0000-0000-000000000000', '314a2d57-7862-4136-b272-245e27f6f5f0', '{"action":"token_revoked","actor_id":"f3ef37a5-299a-4a80-87d2-949c55d6fbea","actor_username":"u2102340@siswa.um.edu.my","actor_via_sso":false,"log_type":"token"}', '2025-06-14 12:21:54.43224+00', ''),
	('00000000-0000-0000-0000-000000000000', 'fb4f9bd1-7b15-472f-9803-d71b0b94c584', '{"action":"token_refreshed","actor_id":"f3ef37a5-299a-4a80-87d2-949c55d6fbea","actor_username":"u2102340@siswa.um.edu.my","actor_via_sso":false,"log_type":"token"}', '2025-06-14 12:21:54.469771+00', ''),
	('00000000-0000-0000-0000-000000000000', 'e156a103-5725-474a-b0bd-924b8841b2f5', '{"action":"token_refreshed","actor_id":"f3ef37a5-299a-4a80-87d2-949c55d6fbea","actor_username":"u2102340@siswa.um.edu.my","actor_via_sso":false,"log_type":"token"}', '2025-06-14 12:21:56.95267+00', ''),
	('00000000-0000-0000-0000-000000000000', '9dd5b4e0-73af-47fa-bec5-434a6f22cae3', '{"action":"login","actor_id":"9ac7dc7b-c5b7-4248-a435-29f3c3e38702","actor_username":"archieyumdumb@gmail.com","actor_via_sso":false,"log_type":"account","traits":{"provider":"email"}}', '2025-06-14 13:14:43.512803+00', ''),
	('00000000-0000-0000-0000-000000000000', 'b0b7134c-6541-4666-9dc1-beb3e116a2fd', '{"action":"login","actor_id":"9ac7dc7b-c5b7-4248-a435-29f3c3e38702","actor_username":"archieyumdumb@gmail.com","actor_via_sso":false,"log_type":"account","traits":{"provider":"email"}}', '2025-06-14 13:19:29.48296+00', ''),
	('00000000-0000-0000-0000-000000000000', 'd29413eb-7a7c-477a-8e4d-57715ed18708', '{"action":"login","actor_id":"9ac7dc7b-c5b7-4248-a435-29f3c3e38702","actor_username":"archieyumdumb@gmail.com","actor_via_sso":false,"log_type":"account","traits":{"provider":"email"}}', '2025-06-14 13:43:02.859307+00', ''),
	('00000000-0000-0000-0000-000000000000', '51f341da-3acf-4ba5-bddf-118993cceeb6', '{"action":"token_refreshed","actor_id":"f3ef37a5-299a-4a80-87d2-949c55d6fbea","actor_username":"u2102340@siswa.um.edu.my","actor_via_sso":false,"log_type":"token"}', '2025-06-14 14:58:25.954177+00', ''),
	('00000000-0000-0000-0000-000000000000', 'fa9b6ea7-77ab-48c4-92a1-d78955839568', '{"action":"token_revoked","actor_id":"f3ef37a5-299a-4a80-87d2-949c55d6fbea","actor_username":"u2102340@siswa.um.edu.my","actor_via_sso":false,"log_type":"token"}', '2025-06-14 14:58:25.958291+00', ''),
	('00000000-0000-0000-0000-000000000000', '80e37de7-12f9-45cf-913b-c01bfc88d408', '{"action":"token_refreshed","actor_id":"9ac7dc7b-c5b7-4248-a435-29f3c3e38702","actor_username":"archieyumdumb@gmail.com","actor_via_sso":false,"log_type":"token"}', '2025-06-14 15:24:00.092676+00', ''),
	('00000000-0000-0000-0000-000000000000', '54f5696c-df82-410b-94f0-2e6847f6f0fd', '{"action":"token_revoked","actor_id":"9ac7dc7b-c5b7-4248-a435-29f3c3e38702","actor_username":"archieyumdumb@gmail.com","actor_via_sso":false,"log_type":"token"}', '2025-06-14 15:24:00.097702+00', ''),
	('00000000-0000-0000-0000-000000000000', '8237b349-f45f-4570-962f-8d632ca2f30b', '{"action":"logout","actor_id":"9ac7dc7b-c5b7-4248-a435-29f3c3e38702","actor_username":"archieyumdumb@gmail.com","actor_via_sso":false,"log_type":"account"}', '2025-06-14 15:54:18.146637+00', ''),
	('00000000-0000-0000-0000-000000000000', '954637a8-f23d-4910-9a34-e5c6ecfde232', '{"action":"login","actor_id":"f3ef37a5-299a-4a80-87d2-949c55d6fbea","actor_username":"u2102340@siswa.um.edu.my","actor_via_sso":false,"log_type":"account","traits":{"provider":"email"}}', '2025-06-14 15:56:23.623353+00', ''),
	('00000000-0000-0000-0000-000000000000', '4e2d061f-8e95-4384-a2d5-c09b02cacc71', '{"action":"logout","actor_id":"f3ef37a5-299a-4a80-87d2-949c55d6fbea","actor_username":"u2102340@siswa.um.edu.my","actor_via_sso":false,"log_type":"account"}', '2025-06-14 16:07:54.289358+00', ''),
	('00000000-0000-0000-0000-000000000000', '62018962-c595-42f6-90a2-8ea330cb267f', '{"action":"login","actor_id":"9ac7dc7b-c5b7-4248-a435-29f3c3e38702","actor_username":"archieyumdumb@gmail.com","actor_via_sso":false,"log_type":"account","traits":{"provider":"email"}}', '2025-06-14 16:08:03.089851+00', ''),
	('00000000-0000-0000-0000-000000000000', 'c6225898-ff99-4edb-abb8-43b4484b4e2d', '{"action":"login","actor_id":"f3ef37a5-299a-4a80-87d2-949c55d6fbea","actor_username":"u2102340@siswa.um.edu.my","actor_via_sso":false,"log_type":"account","traits":{"provider":"email"}}', '2025-06-14 16:13:08.459716+00', ''),
	('00000000-0000-0000-0000-000000000000', '5aec31fe-c08c-4dc3-bc2f-33d17e9b03c9', '{"action":"login","actor_id":"36deaa22-fb96-4124-a7d2-10293abb382b","actor_username":"elvissawing.muran@gmail.com","actor_via_sso":false,"log_type":"account","traits":{"provider":"email"}}', '2025-06-14 16:47:54.036643+00', ''),
	('00000000-0000-0000-0000-000000000000', '77f2aff3-43ef-47b3-bec0-26d6b598ff2d', '{"action":"login","actor_id":"f3ef37a5-299a-4a80-87d2-949c55d6fbea","actor_username":"u2102340@siswa.um.edu.my","actor_via_sso":false,"log_type":"account","traits":{"provider":"email"}}', '2025-06-14 16:52:59.265129+00', ''),
	('00000000-0000-0000-0000-000000000000', '3a14d97d-3d07-495a-8ca4-0caa0463b527', '{"action":"login","actor_id":"f3ef37a5-299a-4a80-87d2-949c55d6fbea","actor_username":"u2102340@siswa.um.edu.my","actor_via_sso":false,"log_type":"account","traits":{"provider":"email"}}', '2025-06-14 17:23:42.86375+00', ''),
	('00000000-0000-0000-0000-000000000000', '0c1b0379-698d-4d67-b248-c0bb8b19acb6', '{"action":"token_refreshed","actor_id":"36deaa22-fb96-4124-a7d2-10293abb382b","actor_username":"elvissawing.muran@gmail.com","actor_via_sso":false,"log_type":"token"}', '2025-06-14 17:46:17.27722+00', ''),
	('00000000-0000-0000-0000-000000000000', 'ae7a439e-172a-4111-aefa-e7ec18f2ee51', '{"action":"token_revoked","actor_id":"36deaa22-fb96-4124-a7d2-10293abb382b","actor_username":"elvissawing.muran@gmail.com","actor_via_sso":false,"log_type":"token"}', '2025-06-14 17:46:17.278897+00', ''),
	('00000000-0000-0000-0000-000000000000', 'ee713d1c-9a9b-4897-bd4c-d30ffe816fbb', '{"action":"token_refreshed","actor_id":"36deaa22-fb96-4124-a7d2-10293abb382b","actor_username":"elvissawing.muran@gmail.com","actor_via_sso":false,"log_type":"token"}', '2025-06-14 19:11:59.727524+00', ''),
	('00000000-0000-0000-0000-000000000000', '40a61041-9e39-4c55-b879-f2f00a8a2641', '{"action":"token_revoked","actor_id":"36deaa22-fb96-4124-a7d2-10293abb382b","actor_username":"elvissawing.muran@gmail.com","actor_via_sso":false,"log_type":"token"}', '2025-06-14 19:11:59.731652+00', ''),
	('00000000-0000-0000-0000-000000000000', 'c131409c-4ec4-4e08-a446-1e3ed46d1a2d', '{"action":"login","actor_id":"9ac7dc7b-c5b7-4248-a435-29f3c3e38702","actor_username":"archieyumdumb@gmail.com","actor_via_sso":false,"log_type":"account","traits":{"provider":"email"}}', '2025-06-14 19:12:17.939208+00', ''),
	('00000000-0000-0000-0000-000000000000', 'e5ba9870-cf5a-4210-a983-10e97c10c5cb', '{"action":"login","actor_id":"9ac7dc7b-c5b7-4248-a435-29f3c3e38702","actor_username":"archieyumdumb@gmail.com","actor_via_sso":false,"log_type":"account","traits":{"provider":"email"}}', '2025-06-14 19:12:39.01141+00', ''),
	('00000000-0000-0000-0000-000000000000', 'ab91a3fc-5673-4b02-9708-ec7334a6cc69', '{"action":"login","actor_id":"9ac7dc7b-c5b7-4248-a435-29f3c3e38702","actor_username":"archieyumdumb@gmail.com","actor_via_sso":false,"log_type":"account","traits":{"provider":"email"}}', '2025-06-14 19:13:11.502052+00', ''),
	('00000000-0000-0000-0000-000000000000', 'a27616a6-fb81-4a04-8048-62884f03e4c2', '{"action":"login","actor_id":"9ac7dc7b-c5b7-4248-a435-29f3c3e38702","actor_username":"archieyumdumb@gmail.com","actor_via_sso":false,"log_type":"account","traits":{"provider":"email"}}', '2025-06-14 19:13:30.596262+00', ''),
	('00000000-0000-0000-0000-000000000000', '26d1bf38-6066-417a-b4a3-9ac017831305', '{"action":"token_refreshed","actor_id":"9ac7dc7b-c5b7-4248-a435-29f3c3e38702","actor_username":"archieyumdumb@gmail.com","actor_via_sso":false,"log_type":"token"}', '2025-06-14 20:14:49.23845+00', ''),
	('00000000-0000-0000-0000-000000000000', '12fcb3ab-2a2c-4590-8a6a-61704d2b5ae7', '{"action":"token_revoked","actor_id":"9ac7dc7b-c5b7-4248-a435-29f3c3e38702","actor_username":"archieyumdumb@gmail.com","actor_via_sso":false,"log_type":"token"}', '2025-06-14 20:14:49.243297+00', ''),
	('00000000-0000-0000-0000-000000000000', 'f200213e-713b-4aa4-a836-d55b8233f17c', '{"action":"logout","actor_id":"9ac7dc7b-c5b7-4248-a435-29f3c3e38702","actor_username":"archieyumdumb@gmail.com","actor_via_sso":false,"log_type":"account"}', '2025-06-14 20:18:48.013132+00', ''),
	('00000000-0000-0000-0000-000000000000', '3ff7192c-fe9a-40d9-9fc1-2bed53e7c648', '{"action":"login","actor_id":"36deaa22-fb96-4124-a7d2-10293abb382b","actor_username":"elvissawing.muran@gmail.com","actor_via_sso":false,"log_type":"account","traits":{"provider":"email"}}', '2025-06-14 20:18:54.062222+00', ''),
	('00000000-0000-0000-0000-000000000000', '0bd5de54-ed66-4f44-a69f-810898b28c04', '{"action":"logout","actor_id":"36deaa22-fb96-4124-a7d2-10293abb382b","actor_username":"elvissawing.muran@gmail.com","actor_via_sso":false,"log_type":"account"}', '2025-06-14 20:26:58.746819+00', ''),
	('00000000-0000-0000-0000-000000000000', 'c1223990-ec25-4095-957d-a92815bf68c7', '{"action":"login","actor_id":"9ac7dc7b-c5b7-4248-a435-29f3c3e38702","actor_username":"archieyumdumb@gmail.com","actor_via_sso":false,"log_type":"account","traits":{"provider":"email"}}', '2025-06-14 20:27:03.495401+00', ''),
	('00000000-0000-0000-0000-000000000000', '3c4b32c5-fc6c-4f7e-93c2-83c24ff77e67', '{"action":"logout","actor_id":"9ac7dc7b-c5b7-4248-a435-29f3c3e38702","actor_username":"archieyumdumb@gmail.com","actor_via_sso":false,"log_type":"account"}', '2025-06-14 20:27:12.105251+00', ''),
	('00000000-0000-0000-0000-000000000000', '16a81279-0f16-467a-995a-d418e260d7a5', '{"action":"login","actor_id":"36deaa22-fb96-4124-a7d2-10293abb382b","actor_username":"elvissawing.muran@gmail.com","actor_via_sso":false,"log_type":"account","traits":{"provider":"email"}}', '2025-06-14 20:27:18.750072+00', ''),
	('00000000-0000-0000-0000-000000000000', 'fa229815-f773-4398-9be5-1eda57715243', '{"action":"logout","actor_id":"36deaa22-fb96-4124-a7d2-10293abb382b","actor_username":"elvissawing.muran@gmail.com","actor_via_sso":false,"log_type":"account"}', '2025-06-14 20:50:50.501789+00', ''),
	('00000000-0000-0000-0000-000000000000', '858f4d2d-47ed-459d-b9a9-b45493d99cc1', '{"action":"login","actor_id":"9ac7dc7b-c5b7-4248-a435-29f3c3e38702","actor_username":"archieyumdumb@gmail.com","actor_via_sso":false,"log_type":"account","traits":{"provider":"email"}}', '2025-06-14 20:50:55.777409+00', ''),
	('00000000-0000-0000-0000-000000000000', 'b45b5d05-b60c-405b-8749-dab9b75c0e09', '{"action":"logout","actor_id":"9ac7dc7b-c5b7-4248-a435-29f3c3e38702","actor_username":"archieyumdumb@gmail.com","actor_via_sso":false,"log_type":"account"}', '2025-06-14 20:51:11.646459+00', ''),
	('00000000-0000-0000-0000-000000000000', 'cd9389b2-897d-4406-90e1-a295b23e80a7', '{"action":"login","actor_id":"9ac7dc7b-c5b7-4248-a435-29f3c3e38702","actor_username":"archieyumdumb@gmail.com","actor_via_sso":false,"log_type":"account","traits":{"provider":"email"}}', '2025-06-15 02:34:54.589054+00', ''),
	('00000000-0000-0000-0000-000000000000', 'e986e0df-cbe7-4963-942d-ccf014ab3b48', '{"action":"token_refreshed","actor_id":"9ac7dc7b-c5b7-4248-a435-29f3c3e38702","actor_username":"archieyumdumb@gmail.com","actor_via_sso":false,"log_type":"token"}', '2025-06-15 03:52:08.225191+00', ''),
	('00000000-0000-0000-0000-000000000000', '5e41ecc7-8706-425c-a6c5-b59c7a33b311', '{"action":"token_revoked","actor_id":"9ac7dc7b-c5b7-4248-a435-29f3c3e38702","actor_username":"archieyumdumb@gmail.com","actor_via_sso":false,"log_type":"token"}', '2025-06-15 03:52:08.230666+00', ''),
	('00000000-0000-0000-0000-000000000000', 'fc0caa79-fcf5-48a7-a305-885e16a03314', '{"action":"token_refreshed","actor_id":"9ac7dc7b-c5b7-4248-a435-29f3c3e38702","actor_username":"archieyumdumb@gmail.com","actor_via_sso":false,"log_type":"token"}', '2025-06-15 03:52:08.382577+00', ''),
	('00000000-0000-0000-0000-000000000000', 'd21f958a-e122-406b-a41f-0475bcd4b36a', '{"action":"logout","actor_id":"9ac7dc7b-c5b7-4248-a435-29f3c3e38702","actor_username":"archieyumdumb@gmail.com","actor_via_sso":false,"log_type":"account"}', '2025-06-15 03:52:56.805428+00', ''),
	('00000000-0000-0000-0000-000000000000', '624c2e4b-764d-4309-a53e-e5ecb5cda2a1', '{"action":"user_confirmation_requested","actor_id":"d868b185-f00f-4146-b58b-745aa8cbb028","actor_username":"papielv1203@gmail.com","actor_via_sso":false,"log_type":"user","traits":{"provider":"email"}}', '2025-06-15 03:53:52.589257+00', ''),
	('00000000-0000-0000-0000-000000000000', '98635fe6-6b38-4182-ba83-ff5d7c220e9e', '{"action":"user_signedup","actor_id":"d868b185-f00f-4146-b58b-745aa8cbb028","actor_username":"papielv1203@gmail.com","actor_via_sso":false,"log_type":"team"}', '2025-06-15 03:54:25.452243+00', ''),
	('00000000-0000-0000-0000-000000000000', 'e3d215e5-4ec6-488d-869c-02733a130f0f', '{"action":"login","actor_id":"d868b185-f00f-4146-b58b-745aa8cbb028","actor_username":"papielv1203@gmail.com","actor_via_sso":false,"log_type":"account","traits":{"provider_type":"email"}}', '2025-06-15 03:54:28.986267+00', ''),
	('00000000-0000-0000-0000-000000000000', 'f524cfa3-4739-4a53-b615-917dd05c5250', '{"action":"login","actor_id":"d868b185-f00f-4146-b58b-745aa8cbb028","actor_username":"papielv1203@gmail.com","actor_via_sso":false,"log_type":"account","traits":{"provider":"email"}}', '2025-06-15 03:54:51.241665+00', ''),
	('00000000-0000-0000-0000-000000000000', 'f2ab08d2-c869-4b03-ad65-ff95f9b84982', '{"action":"login","actor_id":"d868b185-f00f-4146-b58b-745aa8cbb028","actor_username":"papielv1203@gmail.com","actor_via_sso":false,"log_type":"account","traits":{"provider":"email"}}', '2025-06-15 03:55:07.551364+00', ''),
	('00000000-0000-0000-0000-000000000000', '7ac53508-abf7-4940-9a77-0f40dd53bf0c', '{"action":"login","actor_id":"d868b185-f00f-4146-b58b-745aa8cbb028","actor_username":"papielv1203@gmail.com","actor_via_sso":false,"log_type":"account","traits":{"provider":"email"}}', '2025-06-15 03:56:09.763881+00', ''),
	('00000000-0000-0000-0000-000000000000', '6a31c515-5079-4304-afc2-ec4d54d0fc84', '{"action":"login","actor_id":"d868b185-f00f-4146-b58b-745aa8cbb028","actor_username":"papielv1203@gmail.com","actor_via_sso":false,"log_type":"account","traits":{"provider":"email"}}', '2025-06-15 04:01:30.067887+00', ''),
	('00000000-0000-0000-0000-000000000000', 'c758d772-3be5-498d-ba17-84a732e7400b', '{"action":"login","actor_id":"d868b185-f00f-4146-b58b-745aa8cbb028","actor_username":"papielv1203@gmail.com","actor_via_sso":false,"log_type":"account","traits":{"provider":"email"}}', '2025-06-15 04:09:32.766644+00', ''),
	('00000000-0000-0000-0000-000000000000', 'd9f0ae33-523f-4ac9-b69a-898b60bfd6c8', '{"action":"login","actor_id":"d868b185-f00f-4146-b58b-745aa8cbb028","actor_username":"papielv1203@gmail.com","actor_via_sso":false,"log_type":"account","traits":{"provider":"email"}}', '2025-06-15 04:18:02.067024+00', ''),
	('00000000-0000-0000-0000-000000000000', 'dfb53744-dff8-4490-9644-aeeea077e039', '{"action":"logout","actor_id":"d868b185-f00f-4146-b58b-745aa8cbb028","actor_username":"papielv1203@gmail.com","actor_via_sso":false,"log_type":"account"}', '2025-06-15 04:19:31.798433+00', ''),
	('00000000-0000-0000-0000-000000000000', '81fd19d1-8b0b-4f7a-9dc5-0099d9b14673', '{"action":"login","actor_id":"d868b185-f00f-4146-b58b-745aa8cbb028","actor_username":"papielv1203@gmail.com","actor_via_sso":false,"log_type":"account","traits":{"provider":"email"}}', '2025-06-15 04:19:38.618931+00', ''),
	('00000000-0000-0000-0000-000000000000', '8644fe4c-f1e4-4dbf-8cf7-46b1d7914e77', '{"action":"logout","actor_id":"d868b185-f00f-4146-b58b-745aa8cbb028","actor_username":"papielv1203@gmail.com","actor_via_sso":false,"log_type":"account"}', '2025-06-15 04:19:41.419342+00', ''),
	('00000000-0000-0000-0000-000000000000', 'acc02700-14d5-49c4-b36f-c3e30efd51eb', '{"action":"login","actor_id":"9ac7dc7b-c5b7-4248-a435-29f3c3e38702","actor_username":"archieyumdumb@gmail.com","actor_via_sso":false,"log_type":"account","traits":{"provider":"email"}}', '2025-06-15 04:19:48.827798+00', ''),
	('00000000-0000-0000-0000-000000000000', 'd627a807-dc9e-4bfe-ac92-9285aee1c06f', '{"action":"login","actor_id":"9ac7dc7b-c5b7-4248-a435-29f3c3e38702","actor_username":"archieyumdumb@gmail.com","actor_via_sso":false,"log_type":"account","traits":{"provider":"email"}}', '2025-06-15 04:27:32.26581+00', ''),
	('00000000-0000-0000-0000-000000000000', '34a34b13-8290-4fac-996f-b7d3eeb92cb5', '{"action":"logout","actor_id":"9ac7dc7b-c5b7-4248-a435-29f3c3e38702","actor_username":"archieyumdumb@gmail.com","actor_via_sso":false,"log_type":"account"}', '2025-06-15 05:19:29.751991+00', ''),
	('00000000-0000-0000-0000-000000000000', 'ee4254b3-293d-421e-bae3-93d674ce4159', '{"action":"login","actor_id":"608a33e2-d7f4-4773-bf4a-fa0bfbb9bab2","actor_username":"u2101680@siswa.um.edu.my","actor_via_sso":false,"log_type":"account","traits":{"provider":"email"}}', '2025-06-15 05:19:43.388945+00', ''),
	('00000000-0000-0000-0000-000000000000', 'b674cadb-9f19-466f-b32a-3b07eceed84e', '{"action":"logout","actor_id":"608a33e2-d7f4-4773-bf4a-fa0bfbb9bab2","actor_username":"u2101680@siswa.um.edu.my","actor_via_sso":false,"log_type":"account"}', '2025-06-15 05:27:43.882386+00', ''),
	('00000000-0000-0000-0000-000000000000', '22a5d812-42bd-4994-a21b-8203d687e7f0', '{"action":"login","actor_id":"36deaa22-fb96-4124-a7d2-10293abb382b","actor_username":"elvissawing.muran@gmail.com","actor_via_sso":false,"log_type":"account","traits":{"provider":"email"}}', '2025-06-15 05:27:48.949678+00', ''),
	('00000000-0000-0000-0000-000000000000', '810529bf-1e5c-4828-ad54-02b2dc6de422', '{"action":"login","actor_id":"36deaa22-fb96-4124-a7d2-10293abb382b","actor_username":"elvissawing.muran@gmail.com","actor_via_sso":false,"log_type":"account","traits":{"provider":"email"}}', '2025-06-15 05:30:52.285436+00', ''),
	('00000000-0000-0000-0000-000000000000', '71d88003-4f1a-4ed4-bd03-3716601e8367', '{"action":"login","actor_id":"36deaa22-fb96-4124-a7d2-10293abb382b","actor_username":"elvissawing.muran@gmail.com","actor_via_sso":false,"log_type":"account","traits":{"provider":"email"}}', '2025-06-15 05:39:50.266006+00', ''),
	('00000000-0000-0000-0000-000000000000', '6374c048-8939-40f5-a173-2cdc5f39fe51', '{"action":"token_refreshed","actor_id":"36deaa22-fb96-4124-a7d2-10293abb382b","actor_username":"elvissawing.muran@gmail.com","actor_via_sso":false,"log_type":"token"}', '2025-06-15 06:49:00.911032+00', ''),
	('00000000-0000-0000-0000-000000000000', 'cbdfba4f-0098-4af6-9b96-d78183e3a881', '{"action":"token_revoked","actor_id":"36deaa22-fb96-4124-a7d2-10293abb382b","actor_username":"elvissawing.muran@gmail.com","actor_via_sso":false,"log_type":"token"}', '2025-06-15 06:49:00.914565+00', ''),
	('00000000-0000-0000-0000-000000000000', '57fc131f-a7ef-4cac-9bcb-626da546934f', '{"action":"token_refreshed","actor_id":"36deaa22-fb96-4124-a7d2-10293abb382b","actor_username":"elvissawing.muran@gmail.com","actor_via_sso":false,"log_type":"token"}', '2025-06-15 07:50:03.278943+00', ''),
	('00000000-0000-0000-0000-000000000000', 'd8c7bf15-f18d-496c-bb43-82e57e53ec02', '{"action":"token_revoked","actor_id":"36deaa22-fb96-4124-a7d2-10293abb382b","actor_username":"elvissawing.muran@gmail.com","actor_via_sso":false,"log_type":"token"}', '2025-06-15 07:50:03.289228+00', ''),
	('00000000-0000-0000-0000-000000000000', '843f55a4-abc2-4797-ba35-40ceba16d3a2', '{"action":"login","actor_id":"36deaa22-fb96-4124-a7d2-10293abb382b","actor_username":"elvissawing.muran@gmail.com","actor_via_sso":false,"log_type":"account","traits":{"provider":"email"}}', '2025-06-15 07:50:24.491391+00', ''),
	('00000000-0000-0000-0000-000000000000', '19a31b97-38ec-44b0-9ce4-50123451c341', '{"action":"logout","actor_id":"36deaa22-fb96-4124-a7d2-10293abb382b","actor_username":"elvissawing.muran@gmail.com","actor_via_sso":false,"log_type":"account"}', '2025-06-15 07:54:21.306512+00', ''),
	('00000000-0000-0000-0000-000000000000', '8a1dd8d8-4bc5-4547-ab71-1ab1bab7a702', '{"action":"login","actor_id":"9ac7dc7b-c5b7-4248-a435-29f3c3e38702","actor_username":"archieyumdumb@gmail.com","actor_via_sso":false,"log_type":"account","traits":{"provider":"email"}}', '2025-06-15 07:54:26.372483+00', ''),
	('00000000-0000-0000-0000-000000000000', '63516dfb-f6f5-4afe-8cf4-ea587f5ed5de', '{"action":"token_refreshed","actor_id":"9ac7dc7b-c5b7-4248-a435-29f3c3e38702","actor_username":"archieyumdumb@gmail.com","actor_via_sso":false,"log_type":"token"}', '2025-06-15 11:24:40.953855+00', ''),
	('00000000-0000-0000-0000-000000000000', '5d72b411-26f7-44f5-a90e-489e46e71b86', '{"action":"token_revoked","actor_id":"9ac7dc7b-c5b7-4248-a435-29f3c3e38702","actor_username":"archieyumdumb@gmail.com","actor_via_sso":false,"log_type":"token"}', '2025-06-15 11:24:40.961028+00', ''),
	('00000000-0000-0000-0000-000000000000', 'c47597c9-284d-4d5d-8a7d-d0555ea272f0', '{"action":"login","actor_id":"f3ef37a5-299a-4a80-87d2-949c55d6fbea","actor_username":"u2102340@siswa.um.edu.my","actor_via_sso":false,"log_type":"account","traits":{"provider":"email"}}', '2025-06-15 14:12:18.266716+00', ''),
	('00000000-0000-0000-0000-000000000000', 'bb2f86c7-9b38-46e8-82e1-7e3f0add0f67', '{"action":"login","actor_id":"36deaa22-fb96-4124-a7d2-10293abb382b","actor_username":"elvissawing.muran@gmail.com","actor_via_sso":false,"log_type":"account","traits":{"provider":"email"}}', '2025-06-15 14:13:49.757576+00', ''),
	('00000000-0000-0000-0000-000000000000', '1843712d-488c-4e77-a2c5-884615509370', '{"action":"login","actor_id":"36deaa22-fb96-4124-a7d2-10293abb382b","actor_username":"elvissawing.muran@gmail.com","actor_via_sso":false,"log_type":"account","traits":{"provider":"email"}}', '2025-06-15 14:14:52.062002+00', ''),
	('00000000-0000-0000-0000-000000000000', '7e1e8e86-af0d-4253-9094-690baa9812d4', '{"action":"logout","actor_id":"36deaa22-fb96-4124-a7d2-10293abb382b","actor_username":"elvissawing.muran@gmail.com","actor_via_sso":false,"log_type":"account"}', '2025-06-15 14:15:34.426519+00', ''),
	('00000000-0000-0000-0000-000000000000', '139393f7-2996-40f9-a004-9abfbb97f2e5', '{"action":"login","actor_id":"f3ef37a5-299a-4a80-87d2-949c55d6fbea","actor_username":"u2102340@siswa.um.edu.my","actor_via_sso":false,"log_type":"account","traits":{"provider":"email"}}', '2025-06-15 14:15:41.367594+00', ''),
	('00000000-0000-0000-0000-000000000000', '25b6395a-7db2-4aee-96b6-647e630c1f38', '{"action":"login","actor_id":"36deaa22-fb96-4124-a7d2-10293abb382b","actor_username":"elvissawing.muran@gmail.com","actor_via_sso":false,"log_type":"account","traits":{"provider":"email"}}', '2025-06-15 14:19:57.396083+00', ''),
	('00000000-0000-0000-0000-000000000000', 'd5fc9dd9-a3bc-456c-b490-885c3d3883dd', '{"action":"login","actor_id":"36deaa22-fb96-4124-a7d2-10293abb382b","actor_username":"elvissawing.muran@gmail.com","actor_via_sso":false,"log_type":"account","traits":{"provider":"email"}}', '2025-06-15 14:22:19.097143+00', ''),
	('00000000-0000-0000-0000-000000000000', '8535e333-7ae0-49b9-b292-e05ce6a70212', '{"action":"logout","actor_id":"36deaa22-fb96-4124-a7d2-10293abb382b","actor_username":"elvissawing.muran@gmail.com","actor_via_sso":false,"log_type":"account"}', '2025-06-15 14:26:43.471457+00', ''),
	('00000000-0000-0000-0000-000000000000', 'd6f8af56-977d-41ff-b374-50a0a4681603', '{"action":"login","actor_id":"f3ef37a5-299a-4a80-87d2-949c55d6fbea","actor_username":"u2102340@siswa.um.edu.my","actor_via_sso":false,"log_type":"account","traits":{"provider":"email"}}', '2025-06-15 14:26:53.307694+00', ''),
	('00000000-0000-0000-0000-000000000000', '645a35d5-f61e-43c3-9cf2-2f626bcbb05e', '{"action":"logout","actor_id":"f3ef37a5-299a-4a80-87d2-949c55d6fbea","actor_username":"u2102340@siswa.um.edu.my","actor_via_sso":false,"log_type":"account"}', '2025-06-15 14:40:21.952711+00', ''),
	('00000000-0000-0000-0000-000000000000', 'e8bf872c-52ec-475c-ac09-6281eb670a31', '{"action":"login","actor_id":"f3ef37a5-299a-4a80-87d2-949c55d6fbea","actor_username":"u2102340@siswa.um.edu.my","actor_via_sso":false,"log_type":"account","traits":{"provider":"email"}}', '2025-06-15 14:40:35.466903+00', ''),
	('00000000-0000-0000-0000-000000000000', 'd95935ff-5c4c-49b3-a3ac-d14bc50a6337', '{"action":"login","actor_id":"36deaa22-fb96-4124-a7d2-10293abb382b","actor_username":"elvissawing.muran@gmail.com","actor_via_sso":false,"log_type":"account","traits":{"provider":"email"}}', '2025-06-15 14:40:47.261154+00', ''),
	('00000000-0000-0000-0000-000000000000', 'a6240994-b03c-4ffe-a3cb-dfcf735830b0', '{"action":"login","actor_id":"f3ef37a5-299a-4a80-87d2-949c55d6fbea","actor_username":"u2102340@siswa.um.edu.my","actor_via_sso":false,"log_type":"account","traits":{"provider":"email"}}', '2025-06-15 14:43:34.068106+00', ''),
	('00000000-0000-0000-0000-000000000000', '3af1a118-6b0c-498f-b020-fa8036311fa2', '{"action":"token_refreshed","actor_id":"9ac7dc7b-c5b7-4248-a435-29f3c3e38702","actor_username":"archieyumdumb@gmail.com","actor_via_sso":false,"log_type":"token"}', '2025-06-15 14:48:48.76455+00', ''),
	('00000000-0000-0000-0000-000000000000', '1fed2859-c542-40da-a3ba-96f20dfeeeb6', '{"action":"token_revoked","actor_id":"9ac7dc7b-c5b7-4248-a435-29f3c3e38702","actor_username":"archieyumdumb@gmail.com","actor_via_sso":false,"log_type":"token"}', '2025-06-15 14:48:48.768032+00', ''),
	('00000000-0000-0000-0000-000000000000', 'ab43c466-75ee-43b7-b6a4-d154a726ce5c', '{"action":"user_confirmation_requested","actor_id":"bde2265a-411f-4380-875e-50d331c78bef","actor_username":"edmundelvis0119@gmail.com","actor_via_sso":false,"log_type":"user"}', '2025-06-15 14:52:52.581356+00', ''),
	('00000000-0000-0000-0000-000000000000', '05c05181-0e14-49f9-bb6b-678e398d876b', '{"action":"user_signedup","actor_id":"bde2265a-411f-4380-875e-50d331c78bef","actor_username":"edmundelvis0119@gmail.com","actor_via_sso":false,"log_type":"team"}', '2025-06-15 14:53:03.934188+00', ''),
	('00000000-0000-0000-0000-000000000000', '17c3659c-261b-465b-b411-a520d94e424c', '{"action":"login","actor_id":"bde2265a-411f-4380-875e-50d331c78bef","actor_username":"edmundelvis0119@gmail.com","actor_via_sso":false,"log_type":"account","traits":{"provider":"email"}}', '2025-06-15 14:53:11.486685+00', ''),
	('00000000-0000-0000-0000-000000000000', '4ed398d7-3548-48cf-aba6-76cd06af9df0', '{"action":"logout","actor_id":"f3ef37a5-299a-4a80-87d2-949c55d6fbea","actor_username":"u2102340@siswa.um.edu.my","actor_via_sso":false,"log_type":"account"}', '2025-06-15 14:57:35.144897+00', ''),
	('00000000-0000-0000-0000-000000000000', '1e34a54e-1ca6-4e94-9640-53e1ba31accf', '{"action":"login","actor_id":"36deaa22-fb96-4124-a7d2-10293abb382b","actor_username":"elvissawing.muran@gmail.com","actor_via_sso":false,"log_type":"account","traits":{"provider":"email"}}', '2025-06-15 14:57:53.132514+00', ''),
	('00000000-0000-0000-0000-000000000000', '03ba23f8-e0ed-4453-80a5-f61221cdfc25', '{"action":"logout","actor_id":"bde2265a-411f-4380-875e-50d331c78bef","actor_username":"edmundelvis0119@gmail.com","actor_via_sso":false,"log_type":"account"}', '2025-06-15 15:01:08.750046+00', ''),
	('00000000-0000-0000-0000-000000000000', '50b0fa5e-d0ae-4ea1-b5cd-2dcdbdef3006', '{"action":"login","actor_id":"9ac7dc7b-c5b7-4248-a435-29f3c3e38702","actor_username":"archieyumdumb@gmail.com","actor_via_sso":false,"log_type":"account","traits":{"provider":"email"}}', '2025-06-15 15:01:19.902811+00', ''),
	('00000000-0000-0000-0000-000000000000', '8ca9c8dc-2865-4d8d-95ee-e66e57730ace', '{"action":"login","actor_id":"f3ef37a5-299a-4a80-87d2-949c55d6fbea","actor_username":"u2102340@siswa.um.edu.my","actor_via_sso":false,"log_type":"account","traits":{"provider":"email"}}', '2025-06-15 15:13:10.751519+00', ''),
	('00000000-0000-0000-0000-000000000000', 'd18a6e83-90be-42a6-b971-9221b014f1d5', '{"action":"login","actor_id":"f3ef37a5-299a-4a80-87d2-949c55d6fbea","actor_username":"u2102340@siswa.um.edu.my","actor_via_sso":false,"log_type":"account","traits":{"provider":"email"}}', '2025-06-15 15:13:50.998019+00', ''),
	('00000000-0000-0000-0000-000000000000', '9b38331e-bea4-45b6-a72b-b026b823088c', '{"action":"login","actor_id":"36deaa22-fb96-4124-a7d2-10293abb382b","actor_username":"elvissawing.muran@gmail.com","actor_via_sso":false,"log_type":"account","traits":{"provider":"email"}}', '2025-06-15 15:16:22.754009+00', ''),
	('00000000-0000-0000-0000-000000000000', '9932e1d7-f69a-45ae-8d74-abd6ddc84be5', '{"action":"login","actor_id":"36deaa22-fb96-4124-a7d2-10293abb382b","actor_username":"elvissawing.muran@gmail.com","actor_via_sso":false,"log_type":"account","traits":{"provider":"email"}}', '2025-06-15 15:19:55.93681+00', ''),
	('00000000-0000-0000-0000-000000000000', '223c3486-3755-48b8-85dc-3c4f1129296d', '{"action":"login","actor_id":"36deaa22-fb96-4124-a7d2-10293abb382b","actor_username":"elvissawing.muran@gmail.com","actor_via_sso":false,"log_type":"account","traits":{"provider":"email"}}', '2025-06-15 15:20:56.71132+00', ''),
	('00000000-0000-0000-0000-000000000000', 'f4ec604f-0b7b-4689-9ca8-2c368f7bfa53', '{"action":"login","actor_id":"f3ef37a5-299a-4a80-87d2-949c55d6fbea","actor_username":"u2102340@siswa.um.edu.my","actor_via_sso":false,"log_type":"account","traits":{"provider":"email"}}', '2025-06-15 15:21:59.769742+00', ''),
	('00000000-0000-0000-0000-000000000000', '9d4d8edd-ed2a-4eae-941c-e7f81b929f00', '{"action":"login","actor_id":"f3ef37a5-299a-4a80-87d2-949c55d6fbea","actor_username":"u2102340@siswa.um.edu.my","actor_via_sso":false,"log_type":"account","traits":{"provider":"email"}}', '2025-06-15 15:23:46.84007+00', ''),
	('00000000-0000-0000-0000-000000000000', '61b43c89-62b2-46b7-a4db-b64f272b35be', '{"action":"login","actor_id":"f3ef37a5-299a-4a80-87d2-949c55d6fbea","actor_username":"u2102340@siswa.um.edu.my","actor_via_sso":false,"log_type":"account","traits":{"provider":"email"}}', '2025-06-15 15:24:11.635856+00', ''),
	('00000000-0000-0000-0000-000000000000', '99a23169-7b50-4920-9b2a-7174b69d9500', '{"action":"logout","actor_id":"9ac7dc7b-c5b7-4248-a435-29f3c3e38702","actor_username":"archieyumdumb@gmail.com","actor_via_sso":false,"log_type":"account"}', '2025-06-15 15:25:37.033325+00', ''),
	('00000000-0000-0000-0000-000000000000', 'abe06826-8e07-4fef-a9cd-a1298d5a0d39', '{"action":"login","actor_id":"bde2265a-411f-4380-875e-50d331c78bef","actor_username":"edmundelvis0119@gmail.com","actor_via_sso":false,"log_type":"account","traits":{"provider":"email"}}', '2025-06-15 15:26:07.734437+00', ''),
	('00000000-0000-0000-0000-000000000000', 'f6f24810-9ffb-4309-b6de-34f673623720', '{"action":"logout","actor_id":"bde2265a-411f-4380-875e-50d331c78bef","actor_username":"edmundelvis0119@gmail.com","actor_via_sso":false,"log_type":"account"}', '2025-06-15 15:27:08.923137+00', ''),
	('00000000-0000-0000-0000-000000000000', '187eaf53-7996-407f-b10d-c17c2c2464bb', '{"action":"logout","actor_id":"f3ef37a5-299a-4a80-87d2-949c55d6fbea","actor_username":"u2102340@siswa.um.edu.my","actor_via_sso":false,"log_type":"account"}', '2025-06-15 15:27:53.641849+00', ''),
	('00000000-0000-0000-0000-000000000000', '884f0d2b-552a-4209-9e37-6a6c9bddcf02', '{"action":"login","actor_id":"36deaa22-fb96-4124-a7d2-10293abb382b","actor_username":"elvissawing.muran@gmail.com","actor_via_sso":false,"log_type":"account","traits":{"provider":"email"}}', '2025-06-15 15:28:02.719743+00', ''),
	('00000000-0000-0000-0000-000000000000', 'b9a1c9e2-5c35-4d91-baa9-b30a14437a7d', '{"action":"login","actor_id":"bde2265a-411f-4380-875e-50d331c78bef","actor_username":"edmundelvis0119@gmail.com","actor_via_sso":false,"log_type":"account","traits":{"provider":"email"}}', '2025-06-15 15:29:03.354389+00', ''),
	('00000000-0000-0000-0000-000000000000', '43078a55-a3e1-4cf9-9af2-2a150817e696', '{"action":"logout","actor_id":"36deaa22-fb96-4124-a7d2-10293abb382b","actor_username":"elvissawing.muran@gmail.com","actor_via_sso":false,"log_type":"account"}', '2025-06-15 15:29:04.955478+00', ''),
	('00000000-0000-0000-0000-000000000000', '6ae01c45-8e76-40d1-8fed-626d2bccba16', '{"action":"login","actor_id":"f3ef37a5-299a-4a80-87d2-949c55d6fbea","actor_username":"u2102340@siswa.um.edu.my","actor_via_sso":false,"log_type":"account","traits":{"provider":"email"}}', '2025-06-15 15:29:12.178553+00', ''),
	('00000000-0000-0000-0000-000000000000', '055b787b-22c1-4464-b5ee-55d19d83829c', '{"action":"logout","actor_id":"bde2265a-411f-4380-875e-50d331c78bef","actor_username":"edmundelvis0119@gmail.com","actor_via_sso":false,"log_type":"account"}', '2025-06-15 15:33:15.497631+00', ''),
	('00000000-0000-0000-0000-000000000000', 'ec246dc6-e12e-4b1f-974e-0f3154adb2cc', '{"action":"user_repeated_signup","actor_id":"bde2265a-411f-4380-875e-50d331c78bef","actor_username":"edmundelvis0119@gmail.com","actor_via_sso":false,"log_type":"user","traits":{"provider":"email"}}', '2025-06-15 15:35:11.834365+00', ''),
	('00000000-0000-0000-0000-000000000000', '48062ca1-8769-41c8-beb2-535982198883', '{"action":"user_deleted","actor_id":"00000000-0000-0000-0000-000000000000","actor_username":"service_role","actor_via_sso":false,"log_type":"team","traits":{"user_email":"edmundelvis0119@gmail.com","user_id":"bde2265a-411f-4380-875e-50d331c78bef","user_phone":""}}', '2025-06-15 15:35:48.859046+00', ''),
	('00000000-0000-0000-0000-000000000000', '11e0920d-dbaf-43c7-8e45-0624c667f0e4', '{"action":"user_confirmation_requested","actor_id":"586d8cb9-ba19-459b-8e12-bc0c4ca9ba3a","actor_username":"edmundelvis0119@gmail.com","actor_via_sso":false,"log_type":"user","traits":{"provider":"email"}}', '2025-06-15 15:36:19.5216+00', ''),
	('00000000-0000-0000-0000-000000000000', '11e80fc4-d286-4768-b727-efce1cc7e784', '{"action":"user_signedup","actor_id":"586d8cb9-ba19-459b-8e12-bc0c4ca9ba3a","actor_username":"edmundelvis0119@gmail.com","actor_via_sso":false,"log_type":"team"}', '2025-06-15 15:36:30.896822+00', ''),
	('00000000-0000-0000-0000-000000000000', '38bda3a9-bf78-4bcb-9b81-480efec07299', '{"action":"login","actor_id":"586d8cb9-ba19-459b-8e12-bc0c4ca9ba3a","actor_username":"edmundelvis0119@gmail.com","actor_via_sso":false,"log_type":"account","traits":{"provider_type":"email"}}', '2025-06-15 15:36:34.111165+00', ''),
	('00000000-0000-0000-0000-000000000000', '8c3e0c75-a3d1-4887-a2c7-18cadc147cd1', '{"action":"login","actor_id":"586d8cb9-ba19-459b-8e12-bc0c4ca9ba3a","actor_username":"edmundelvis0119@gmail.com","actor_via_sso":false,"log_type":"account","traits":{"provider":"email"}}', '2025-06-15 15:37:40.901022+00', ''),
	('00000000-0000-0000-0000-000000000000', '7cb8b8a5-1e0e-4b71-9aac-5de2276196e2', '{"action":"logout","actor_id":"586d8cb9-ba19-459b-8e12-bc0c4ca9ba3a","actor_username":"edmundelvis0119@gmail.com","actor_via_sso":false,"log_type":"account"}', '2025-06-15 15:43:06.872269+00', ''),
	('00000000-0000-0000-0000-000000000000', '017a00b6-41ba-405f-9f5a-982c8bca956d', '{"action":"login","actor_id":"36deaa22-fb96-4124-a7d2-10293abb382b","actor_username":"elvissawing.muran@gmail.com","actor_via_sso":false,"log_type":"account","traits":{"provider":"email"}}', '2025-06-15 15:43:13.172483+00', ''),
	('00000000-0000-0000-0000-000000000000', '050130f7-f206-41c8-adca-828adf0871f8', '{"action":"logout","actor_id":"36deaa22-fb96-4124-a7d2-10293abb382b","actor_username":"elvissawing.muran@gmail.com","actor_via_sso":false,"log_type":"account"}', '2025-06-15 15:46:49.53475+00', ''),
	('00000000-0000-0000-0000-000000000000', '60a63d0a-e7f7-45cc-a260-eb51ea7da627', '{"action":"login","actor_id":"586d8cb9-ba19-459b-8e12-bc0c4ca9ba3a","actor_username":"edmundelvis0119@gmail.com","actor_via_sso":false,"log_type":"account","traits":{"provider":"email"}}', '2025-06-15 15:47:01.262577+00', ''),
	('00000000-0000-0000-0000-000000000000', 'e05d8596-fe1d-4eeb-a701-f7fd404f1bf7', '{"action":"logout","actor_id":"586d8cb9-ba19-459b-8e12-bc0c4ca9ba3a","actor_username":"edmundelvis0119@gmail.com","actor_via_sso":false,"log_type":"account"}', '2025-06-15 15:47:48.552663+00', ''),
	('00000000-0000-0000-0000-000000000000', '2c003602-0d4c-42ca-87b0-7f9b3b5b6ede', '{"action":"login","actor_id":"36deaa22-fb96-4124-a7d2-10293abb382b","actor_username":"elvissawing.muran@gmail.com","actor_via_sso":false,"log_type":"account","traits":{"provider":"email"}}', '2025-06-15 15:48:01.880814+00', ''),
	('00000000-0000-0000-0000-000000000000', 'c16089b5-0ad8-4fba-92e5-f0267e48fe67', '{"action":"token_refreshed","actor_id":"36deaa22-fb96-4124-a7d2-10293abb382b","actor_username":"elvissawing.muran@gmail.com","actor_via_sso":false,"log_type":"token"}', '2025-06-16 06:51:33.661406+00', ''),
	('00000000-0000-0000-0000-000000000000', '0de07a5d-563e-4fed-a543-d741e69aa6a5', '{"action":"token_revoked","actor_id":"36deaa22-fb96-4124-a7d2-10293abb382b","actor_username":"elvissawing.muran@gmail.com","actor_via_sso":false,"log_type":"token"}', '2025-06-16 06:51:33.673162+00', ''),
	('00000000-0000-0000-0000-000000000000', '02bcb59e-dfcc-4890-b62c-990dfc2321f3', '{"action":"token_refreshed","actor_id":"36deaa22-fb96-4124-a7d2-10293abb382b","actor_username":"elvissawing.muran@gmail.com","actor_via_sso":false,"log_type":"token"}', '2025-06-16 06:51:39.146822+00', ''),
	('00000000-0000-0000-0000-000000000000', '2a4df065-961b-4173-ad59-9d054a1ce72d', '{"action":"login","actor_id":"9ac7dc7b-c5b7-4248-a435-29f3c3e38702","actor_username":"archieyumdumb@gmail.com","actor_via_sso":false,"log_type":"account","traits":{"provider":"email"}}', '2025-06-16 06:59:14.47386+00', ''),
	('00000000-0000-0000-0000-000000000000', 'f4ee1557-a5dd-4fcc-8dc3-16466fc467c6', '{"action":"token_refreshed","actor_id":"9ac7dc7b-c5b7-4248-a435-29f3c3e38702","actor_username":"archieyumdumb@gmail.com","actor_via_sso":false,"log_type":"token"}', '2025-06-16 11:28:13.778237+00', ''),
	('00000000-0000-0000-0000-000000000000', '721f18e1-c0e7-4862-80c1-194fc5092115', '{"action":"token_revoked","actor_id":"9ac7dc7b-c5b7-4248-a435-29f3c3e38702","actor_username":"archieyumdumb@gmail.com","actor_via_sso":false,"log_type":"token"}', '2025-06-16 11:28:13.787668+00', ''),
	('00000000-0000-0000-0000-000000000000', 'c6fb4fc5-fd5c-4be0-8044-3b69b56b6fd8', '{"action":"login","actor_id":"9ac7dc7b-c5b7-4248-a435-29f3c3e38702","actor_username":"archieyumdumb@gmail.com","actor_via_sso":false,"log_type":"account","traits":{"provider":"email"}}', '2025-06-16 11:30:19.188396+00', ''),
	('00000000-0000-0000-0000-000000000000', 'd784d978-3853-4128-a6fe-52b39aaf0942', '{"action":"login","actor_id":"9ac7dc7b-c5b7-4248-a435-29f3c3e38702","actor_username":"archieyumdumb@gmail.com","actor_via_sso":false,"log_type":"account","traits":{"provider":"email"}}', '2025-06-16 11:31:31.559799+00', ''),
	('00000000-0000-0000-0000-000000000000', '439e43b6-6961-42ae-a4ba-7c16251dfb47', '{"action":"login","actor_id":"f3ef37a5-299a-4a80-87d2-949c55d6fbea","actor_username":"u2102340@siswa.um.edu.my","actor_via_sso":false,"log_type":"account","traits":{"provider":"email"}}', '2025-06-17 03:15:55.772408+00', ''),
	('00000000-0000-0000-0000-000000000000', '119baf68-d991-4164-9104-a222e34eec90', '{"action":"login","actor_id":"f3ef37a5-299a-4a80-87d2-949c55d6fbea","actor_username":"u2102340@siswa.um.edu.my","actor_via_sso":false,"log_type":"account","traits":{"provider":"email"}}', '2025-06-17 03:21:54.997444+00', ''),
	('00000000-0000-0000-0000-000000000000', '5912eb34-2f76-4e20-b7d9-dc1320aaecc1', '{"action":"login","actor_id":"f3ef37a5-299a-4a80-87d2-949c55d6fbea","actor_username":"u2102340@siswa.um.edu.my","actor_via_sso":false,"log_type":"account","traits":{"provider":"email"}}', '2025-06-17 04:15:43.651662+00', ''),
	('00000000-0000-0000-0000-000000000000', '7f823923-7cd4-4eca-bf6a-d09da9410217', '{"action":"token_refreshed","actor_id":"9ac7dc7b-c5b7-4248-a435-29f3c3e38702","actor_username":"archieyumdumb@gmail.com","actor_via_sso":false,"log_type":"token"}', '2025-06-17 04:48:40.698834+00', ''),
	('00000000-0000-0000-0000-000000000000', '151a9e6d-e056-4402-9737-9e73b77b72b9', '{"action":"token_revoked","actor_id":"9ac7dc7b-c5b7-4248-a435-29f3c3e38702","actor_username":"archieyumdumb@gmail.com","actor_via_sso":false,"log_type":"token"}', '2025-06-17 04:48:40.703683+00', ''),
	('00000000-0000-0000-0000-000000000000', 'e2374311-076e-42e1-bca0-002c5a29a053', '{"action":"login","actor_id":"9ac7dc7b-c5b7-4248-a435-29f3c3e38702","actor_username":"archieyumdumb@gmail.com","actor_via_sso":false,"log_type":"account","traits":{"provider":"email"}}', '2025-06-17 04:49:08.702718+00', ''),
	('00000000-0000-0000-0000-000000000000', '4078d13a-114d-477b-9999-1c7a0a808b6b', '{"action":"logout","actor_id":"9ac7dc7b-c5b7-4248-a435-29f3c3e38702","actor_username":"archieyumdumb@gmail.com","actor_via_sso":false,"log_type":"account"}', '2025-06-17 05:03:24.724986+00', ''),
	('00000000-0000-0000-0000-000000000000', '4cd61015-98a8-4e97-9fcc-bf7483eabcb1', '{"action":"login","actor_id":"608a33e2-d7f4-4773-bf4a-fa0bfbb9bab2","actor_username":"u2101680@siswa.um.edu.my","actor_via_sso":false,"log_type":"account","traits":{"provider":"email"}}', '2025-06-17 05:03:39.084814+00', ''),
	('00000000-0000-0000-0000-000000000000', '20f1172f-5782-4345-b8a9-bdb9d081bdda', '{"action":"login","actor_id":"f3ef37a5-299a-4a80-87d2-949c55d6fbea","actor_username":"u2102340@siswa.um.edu.my","actor_via_sso":false,"log_type":"account","traits":{"provider":"email"}}', '2025-06-17 05:04:43.873177+00', ''),
	('00000000-0000-0000-0000-000000000000', '113717db-657c-4825-b551-4abebadb3b79', '{"action":"login","actor_id":"36deaa22-fb96-4124-a7d2-10293abb382b","actor_username":"elvissawing.muran@gmail.com","actor_via_sso":false,"log_type":"account","traits":{"provider":"email"}}', '2025-06-17 05:05:10.4751+00', ''),
	('00000000-0000-0000-0000-000000000000', '4d84ae5e-1345-4c37-995c-d527b5848a98', '{"action":"login","actor_id":"f3ef37a5-299a-4a80-87d2-949c55d6fbea","actor_username":"u2102340@siswa.um.edu.my","actor_via_sso":false,"log_type":"account","traits":{"provider":"email"}}', '2025-06-17 05:15:21.352462+00', ''),
	('00000000-0000-0000-0000-000000000000', '04d73eec-a01f-431e-a805-f7253c91129d', '{"action":"logout","actor_id":"f3ef37a5-299a-4a80-87d2-949c55d6fbea","actor_username":"u2102340@siswa.um.edu.my","actor_via_sso":false,"log_type":"account"}', '2025-06-17 05:16:16.511986+00', ''),
	('00000000-0000-0000-0000-000000000000', 'dd99ea85-966c-4ab0-9dc6-50673526750a', '{"action":"login","actor_id":"36deaa22-fb96-4124-a7d2-10293abb382b","actor_username":"elvissawing.muran@gmail.com","actor_via_sso":false,"log_type":"account","traits":{"provider":"email"}}', '2025-06-17 05:16:28.600877+00', ''),
	('00000000-0000-0000-0000-000000000000', 'fee9b92f-162c-4e4c-bfb5-3d3d2750dd27', '{"action":"login","actor_id":"f3ef37a5-299a-4a80-87d2-949c55d6fbea","actor_username":"u2102340@siswa.um.edu.my","actor_via_sso":false,"log_type":"account","traits":{"provider":"email"}}', '2025-06-17 05:18:49.810266+00', ''),
	('00000000-0000-0000-0000-000000000000', '0ffc052c-aa8b-49b3-bfec-3e5c7a03ec5a', '{"action":"login","actor_id":"f3ef37a5-299a-4a80-87d2-949c55d6fbea","actor_username":"u2102340@siswa.um.edu.my","actor_via_sso":false,"log_type":"account","traits":{"provider":"email"}}', '2025-06-17 05:20:03.638765+00', ''),
	('00000000-0000-0000-0000-000000000000', '36aac4ee-c729-41a6-ab5b-76524c46f2e1', '{"action":"login","actor_id":"36deaa22-fb96-4124-a7d2-10293abb382b","actor_username":"elvissawing.muran@gmail.com","actor_via_sso":false,"log_type":"account","traits":{"provider":"email"}}', '2025-06-17 05:22:40.16662+00', ''),
	('00000000-0000-0000-0000-000000000000', '8a29d9db-7963-4c39-82b8-34c932415b22', '{"action":"logout","actor_id":"36deaa22-fb96-4124-a7d2-10293abb382b","actor_username":"elvissawing.muran@gmail.com","actor_via_sso":false,"log_type":"account"}', '2025-06-17 05:28:04.595102+00', ''),
	('00000000-0000-0000-0000-000000000000', 'd165a61c-547c-47dd-b676-d1d3214d7f41', '{"action":"login","actor_id":"f3ef37a5-299a-4a80-87d2-949c55d6fbea","actor_username":"u2102340@siswa.um.edu.my","actor_via_sso":false,"log_type":"account","traits":{"provider":"email"}}', '2025-06-17 05:28:14.960158+00', ''),
	('00000000-0000-0000-0000-000000000000', '7ee0eb76-868f-4630-825a-cd8b712a61ae', '{"action":"logout","actor_id":"f3ef37a5-299a-4a80-87d2-949c55d6fbea","actor_username":"u2102340@siswa.um.edu.my","actor_via_sso":false,"log_type":"account"}', '2025-06-17 05:30:34.043898+00', ''),
	('00000000-0000-0000-0000-000000000000', '22683524-3c28-4c66-97b6-66ec653c0fd0', '{"action":"login","actor_id":"36deaa22-fb96-4124-a7d2-10293abb382b","actor_username":"elvissawing.muran@gmail.com","actor_via_sso":false,"log_type":"account","traits":{"provider":"email"}}', '2025-06-17 05:30:42.82376+00', ''),
	('00000000-0000-0000-0000-000000000000', 'd5a5da63-c393-4a49-993e-2008529a1c57', '{"action":"logout","actor_id":"36deaa22-fb96-4124-a7d2-10293abb382b","actor_username":"elvissawing.muran@gmail.com","actor_via_sso":false,"log_type":"account"}', '2025-06-17 05:31:10.315994+00', ''),
	('00000000-0000-0000-0000-000000000000', '6b2a4bad-e3a2-4d60-895b-2f6881e424d2', '{"action":"login","actor_id":"f3ef37a5-299a-4a80-87d2-949c55d6fbea","actor_username":"u2102340@siswa.um.edu.my","actor_via_sso":false,"log_type":"account","traits":{"provider":"email"}}', '2025-06-17 05:31:16.405543+00', ''),
	('00000000-0000-0000-0000-000000000000', '3be3c058-fec5-4822-91b1-8e64b29c5c54', '{"action":"logout","actor_id":"f3ef37a5-299a-4a80-87d2-949c55d6fbea","actor_username":"u2102340@siswa.um.edu.my","actor_via_sso":false,"log_type":"account"}', '2025-06-17 05:53:04.631958+00', ''),
	('00000000-0000-0000-0000-000000000000', '742257a1-be19-4620-a27d-cd660aa1abf7', '{"action":"login","actor_id":"36deaa22-fb96-4124-a7d2-10293abb382b","actor_username":"elvissawing.muran@gmail.com","actor_via_sso":false,"log_type":"account","traits":{"provider":"email"}}', '2025-06-17 05:54:28.107675+00', ''),
	('00000000-0000-0000-0000-000000000000', 'a0364979-8d6c-47b5-a03a-b8e0e5d9a7d2', '{"action":"logout","actor_id":"36deaa22-fb96-4124-a7d2-10293abb382b","actor_username":"elvissawing.muran@gmail.com","actor_via_sso":false,"log_type":"account"}', '2025-06-17 06:00:41.253114+00', ''),
	('00000000-0000-0000-0000-000000000000', '83b85b6a-54ec-4d89-b528-1b9c81b8a9f6', '{"action":"login","actor_id":"f3ef37a5-299a-4a80-87d2-949c55d6fbea","actor_username":"u2102340@siswa.um.edu.my","actor_via_sso":false,"log_type":"account","traits":{"provider":"email"}}', '2025-06-17 06:00:50.966057+00', ''),
	('00000000-0000-0000-0000-000000000000', '05017326-3484-47fa-a8ed-1e46cadbcf81', '{"action":"logout","actor_id":"f3ef37a5-299a-4a80-87d2-949c55d6fbea","actor_username":"u2102340@siswa.um.edu.my","actor_via_sso":false,"log_type":"account"}', '2025-06-17 06:56:18.485961+00', ''),
	('00000000-0000-0000-0000-000000000000', '5dacc30f-384e-4ed0-9e15-41f60eae6cea', '{"action":"login","actor_id":"36deaa22-fb96-4124-a7d2-10293abb382b","actor_username":"elvissawing.muran@gmail.com","actor_via_sso":false,"log_type":"account","traits":{"provider":"email"}}', '2025-06-17 06:56:24.03769+00', ''),
	('00000000-0000-0000-0000-000000000000', '98e27b81-a32c-49df-9f8b-99b242d644eb', '{"action":"logout","actor_id":"36deaa22-fb96-4124-a7d2-10293abb382b","actor_username":"elvissawing.muran@gmail.com","actor_via_sso":false,"log_type":"account"}', '2025-06-17 06:56:40.241983+00', ''),
	('00000000-0000-0000-0000-000000000000', '4035ce77-fc6e-4588-ae60-6600703b529c', '{"action":"login","actor_id":"f3ef37a5-299a-4a80-87d2-949c55d6fbea","actor_username":"u2102340@siswa.um.edu.my","actor_via_sso":false,"log_type":"account","traits":{"provider":"email"}}', '2025-06-17 06:56:43.357524+00', ''),
	('00000000-0000-0000-0000-000000000000', 'cadb3cd3-e25d-4e49-b3e0-82733878cb91', '{"action":"token_refreshed","actor_id":"608a33e2-d7f4-4773-bf4a-fa0bfbb9bab2","actor_username":"u2101680@siswa.um.edu.my","actor_via_sso":false,"log_type":"token"}', '2025-06-17 07:14:29.886761+00', ''),
	('00000000-0000-0000-0000-000000000000', '5afd5485-6e28-4d9f-9b6d-5bcb5c34a2bf', '{"action":"token_revoked","actor_id":"608a33e2-d7f4-4773-bf4a-fa0bfbb9bab2","actor_username":"u2101680@siswa.um.edu.my","actor_via_sso":false,"log_type":"token"}', '2025-06-17 07:14:29.890196+00', ''),
	('00000000-0000-0000-0000-000000000000', 'da286d18-bd81-47c8-a7c8-54e86440d9f9', '{"action":"logout","actor_id":"608a33e2-d7f4-4773-bf4a-fa0bfbb9bab2","actor_username":"u2101680@siswa.um.edu.my","actor_via_sso":false,"log_type":"account"}', '2025-06-17 07:20:08.504743+00', ''),
	('00000000-0000-0000-0000-000000000000', '0b7dbb95-4537-428b-bcce-a172d8d91e14', '{"action":"logout","actor_id":"f3ef37a5-299a-4a80-87d2-949c55d6fbea","actor_username":"u2102340@siswa.um.edu.my","actor_via_sso":false,"log_type":"account"}', '2025-06-17 07:21:30.868613+00', ''),
	('00000000-0000-0000-0000-000000000000', '15f77c66-0771-4f3a-8b76-7fe7276f47f8', '{"action":"login","actor_id":"36deaa22-fb96-4124-a7d2-10293abb382b","actor_username":"elvissawing.muran@gmail.com","actor_via_sso":false,"log_type":"account","traits":{"provider":"email"}}', '2025-06-17 07:21:36.65379+00', ''),
	('00000000-0000-0000-0000-000000000000', '6c28bddf-8c58-4b66-a4d9-5466b02e0b23', '{"action":"logout","actor_id":"36deaa22-fb96-4124-a7d2-10293abb382b","actor_username":"elvissawing.muran@gmail.com","actor_via_sso":false,"log_type":"account"}', '2025-06-17 07:22:20.025116+00', ''),
	('00000000-0000-0000-0000-000000000000', '66ef46be-27c7-46fd-b420-d030888e7659', '{"action":"login","actor_id":"f3ef37a5-299a-4a80-87d2-949c55d6fbea","actor_username":"u2102340@siswa.um.edu.my","actor_via_sso":false,"log_type":"account","traits":{"provider":"email"}}', '2025-06-17 07:22:23.939385+00', ''),
	('00000000-0000-0000-0000-000000000000', '2ad3ea99-3e82-4dea-bf1e-0e784820220c', '{"action":"login","actor_id":"f3ef37a5-299a-4a80-87d2-949c55d6fbea","actor_username":"u2102340@siswa.um.edu.my","actor_via_sso":false,"log_type":"account","traits":{"provider":"email"}}', '2025-06-17 07:37:21.433994+00', ''),
	('00000000-0000-0000-0000-000000000000', '15733caa-bf20-4d55-9e85-9ffa2fdb1fb8', '{"action":"login","actor_id":"f3ef37a5-299a-4a80-87d2-949c55d6fbea","actor_username":"u2102340@siswa.um.edu.my","actor_via_sso":false,"log_type":"account","traits":{"provider":"email"}}', '2025-06-17 07:37:45.759663+00', ''),
	('00000000-0000-0000-0000-000000000000', '7947c026-b181-403f-b07e-04a6a82bed3a', '{"action":"user_confirmation_requested","actor_id":"5a658570-aed6-4ab5-856e-c36a887bee24","actor_username":"elvissawing@icloud.com","actor_via_sso":false,"log_type":"user","traits":{"provider":"email"}}', '2025-06-17 08:02:48.266463+00', ''),
	('00000000-0000-0000-0000-000000000000', '3532ba56-3a66-40b2-9b95-4660309180de', '{"action":"user_signedup","actor_id":"5a658570-aed6-4ab5-856e-c36a887bee24","actor_username":"elvissawing@icloud.com","actor_via_sso":false,"log_type":"team"}', '2025-06-17 08:04:32.971893+00', ''),
	('00000000-0000-0000-0000-000000000000', 'b51feac0-d89a-4eea-9e1e-89f65fc84a8b', '{"action":"login","actor_id":"5a658570-aed6-4ab5-856e-c36a887bee24","actor_username":"elvissawing@icloud.com","actor_via_sso":false,"log_type":"account","traits":{"provider_type":"email"}}', '2025-06-17 08:04:36.46474+00', ''),
	('00000000-0000-0000-0000-000000000000', '43cbcb1d-824c-4458-8ecc-153d7f6563ca', '{"action":"login","actor_id":"5a658570-aed6-4ab5-856e-c36a887bee24","actor_username":"elvissawing@icloud.com","actor_via_sso":false,"log_type":"account","traits":{"provider":"email"}}', '2025-06-17 08:24:50.759205+00', ''),
	('00000000-0000-0000-0000-000000000000', 'e88566bd-0743-43b8-aed9-13bbf6ddaa35', '{"action":"login","actor_id":"f3ef37a5-299a-4a80-87d2-949c55d6fbea","actor_username":"u2102340@siswa.um.edu.my","actor_via_sso":false,"log_type":"account","traits":{"provider":"email"}}', '2025-06-17 08:26:51.497925+00', ''),
	('00000000-0000-0000-0000-000000000000', '7c8b5137-3c97-4b54-9f2c-a167952e8236', '{"action":"logout","actor_id":"5a658570-aed6-4ab5-856e-c36a887bee24","actor_username":"elvissawing@icloud.com","actor_via_sso":false,"log_type":"account"}', '2025-06-17 08:29:46.758524+00', ''),
	('00000000-0000-0000-0000-000000000000', '11f1b963-f3e3-4f7d-8282-a15d6e90e768', '{"action":"login","actor_id":"36deaa22-fb96-4124-a7d2-10293abb382b","actor_username":"elvissawing.muran@gmail.com","actor_via_sso":false,"log_type":"account","traits":{"provider":"email"}}', '2025-06-17 08:29:58.40659+00', ''),
	('00000000-0000-0000-0000-000000000000', 'd93870b6-7942-4b62-b0a2-3b2e07206c5d', '{"action":"logout","actor_id":"f3ef37a5-299a-4a80-87d2-949c55d6fbea","actor_username":"u2102340@siswa.um.edu.my","actor_via_sso":false,"log_type":"account"}', '2025-06-17 08:38:29.815053+00', ''),
	('00000000-0000-0000-0000-000000000000', '31d693d8-8910-46ca-92f2-3fc9a09cc607', '{"action":"login","actor_id":"36deaa22-fb96-4124-a7d2-10293abb382b","actor_username":"elvissawing.muran@gmail.com","actor_via_sso":false,"log_type":"account","traits":{"provider":"email"}}', '2025-06-17 08:38:35.357947+00', ''),
	('00000000-0000-0000-0000-000000000000', '511c7076-182b-4bd7-9541-374f98d1f57b', '{"action":"logout","actor_id":"36deaa22-fb96-4124-a7d2-10293abb382b","actor_username":"elvissawing.muran@gmail.com","actor_via_sso":false,"log_type":"account"}', '2025-06-17 08:38:58.844537+00', ''),
	('00000000-0000-0000-0000-000000000000', '366e38da-c24d-460b-9f10-e183b15a8d93', '{"action":"token_refreshed","actor_id":"f3ef37a5-299a-4a80-87d2-949c55d6fbea","actor_username":"u2102340@siswa.um.edu.my","actor_via_sso":false,"log_type":"token"}', '2025-07-02 06:25:01.021352+00', ''),
	('00000000-0000-0000-0000-000000000000', '267db758-801b-4289-9a3f-fc98ee117590', '{"action":"login","actor_id":"f3ef37a5-299a-4a80-87d2-949c55d6fbea","actor_username":"u2102340@siswa.um.edu.my","actor_via_sso":false,"log_type":"account","traits":{"provider":"email"}}', '2025-06-17 08:39:02.504824+00', ''),
	('00000000-0000-0000-0000-000000000000', 'fef5cd9f-1901-4a8b-a02b-79fb66eca921', '{"action":"logout","actor_id":"f3ef37a5-299a-4a80-87d2-949c55d6fbea","actor_username":"u2102340@siswa.um.edu.my","actor_via_sso":false,"log_type":"account"}', '2025-06-17 08:40:16.294734+00', ''),
	('00000000-0000-0000-0000-000000000000', '2911441b-35eb-46f7-b540-281ee6469005', '{"action":"login","actor_id":"36deaa22-fb96-4124-a7d2-10293abb382b","actor_username":"elvissawing.muran@gmail.com","actor_via_sso":false,"log_type":"account","traits":{"provider":"email"}}', '2025-06-17 08:40:21.880433+00', ''),
	('00000000-0000-0000-0000-000000000000', 'e88ed245-53be-4f3b-a299-004e1cdb9c18', '{"action":"logout","actor_id":"36deaa22-fb96-4124-a7d2-10293abb382b","actor_username":"elvissawing.muran@gmail.com","actor_via_sso":false,"log_type":"account"}', '2025-06-17 08:40:43.556553+00', ''),
	('00000000-0000-0000-0000-000000000000', 'b249f061-0c9f-4bd4-b4d2-687ae4ddf232', '{"action":"login","actor_id":"f3ef37a5-299a-4a80-87d2-949c55d6fbea","actor_username":"u2102340@siswa.um.edu.my","actor_via_sso":false,"log_type":"account","traits":{"provider":"email"}}', '2025-06-17 08:40:54.440879+00', ''),
	('00000000-0000-0000-0000-000000000000', 'b55d5d54-6c53-4fcb-b37e-5d5ead85c049', '{"action":"login","actor_id":"9ac7dc7b-c5b7-4248-a435-29f3c3e38702","actor_username":"archieyumdumb@gmail.com","actor_via_sso":false,"log_type":"account","traits":{"provider":"email"}}', '2025-06-17 08:41:56.553818+00', ''),
	('00000000-0000-0000-0000-000000000000', '4362924e-88de-4ae6-a916-23c2c3ca3ab6', '{"action":"token_refreshed","actor_id":"9ac7dc7b-c5b7-4248-a435-29f3c3e38702","actor_username":"archieyumdumb@gmail.com","actor_via_sso":false,"log_type":"token"}', '2025-06-17 09:40:02.981275+00', ''),
	('00000000-0000-0000-0000-000000000000', 'e1482822-3867-41f3-8c6a-a00185ba2a17', '{"action":"token_revoked","actor_id":"9ac7dc7b-c5b7-4248-a435-29f3c3e38702","actor_username":"archieyumdumb@gmail.com","actor_via_sso":false,"log_type":"token"}', '2025-06-17 09:40:02.985476+00', ''),
	('00000000-0000-0000-0000-000000000000', 'f725be9c-03d8-4ee5-8f10-d2d0af7071fa', '{"action":"token_refreshed","actor_id":"f3ef37a5-299a-4a80-87d2-949c55d6fbea","actor_username":"u2102340@siswa.um.edu.my","actor_via_sso":false,"log_type":"token"}', '2025-06-17 10:15:35.358011+00', ''),
	('00000000-0000-0000-0000-000000000000', 'cf1db8df-b5b2-4ece-8138-872868ac23b0', '{"action":"token_revoked","actor_id":"f3ef37a5-299a-4a80-87d2-949c55d6fbea","actor_username":"u2102340@siswa.um.edu.my","actor_via_sso":false,"log_type":"token"}', '2025-06-17 10:15:35.359442+00', ''),
	('00000000-0000-0000-0000-000000000000', '5d5f6936-ed4b-4c3f-bdf7-26f2793ca315', '{"action":"token_refreshed","actor_id":"f3ef37a5-299a-4a80-87d2-949c55d6fbea","actor_username":"u2102340@siswa.um.edu.my","actor_via_sso":false,"log_type":"token"}', '2025-06-26 15:48:17.538769+00', ''),
	('00000000-0000-0000-0000-000000000000', 'adad9186-683a-4ec5-bafc-150fb2a50fb0', '{"action":"token_revoked","actor_id":"f3ef37a5-299a-4a80-87d2-949c55d6fbea","actor_username":"u2102340@siswa.um.edu.my","actor_via_sso":false,"log_type":"token"}', '2025-06-26 15:48:17.553233+00', ''),
	('00000000-0000-0000-0000-000000000000', 'e23fbd47-0c2a-434e-a2a9-e22c00b66692', '{"action":"login","actor_id":"f3ef37a5-299a-4a80-87d2-949c55d6fbea","actor_username":"u2102340@siswa.um.edu.my","actor_via_sso":false,"log_type":"account","traits":{"provider":"email"}}', '2025-06-26 15:48:34.123903+00', ''),
	('00000000-0000-0000-0000-000000000000', '52384329-bec0-4cc9-9d58-b1a150603179', '{"action":"login","actor_id":"9ac7dc7b-c5b7-4248-a435-29f3c3e38702","actor_username":"archieyumdumb@gmail.com","actor_via_sso":false,"log_type":"account","traits":{"provider":"email"}}', '2025-07-01 08:34:21.513599+00', ''),
	('00000000-0000-0000-0000-000000000000', '41a13104-9ddc-4d81-a7da-a3322ba15be2', '{"action":"token_refreshed","actor_id":"9ac7dc7b-c5b7-4248-a435-29f3c3e38702","actor_username":"archieyumdumb@gmail.com","actor_via_sso":false,"log_type":"token"}', '2025-07-01 09:32:33.225735+00', ''),
	('00000000-0000-0000-0000-000000000000', '6d6c7548-bbc6-48e8-b4ba-9b1de9835f54', '{"action":"token_revoked","actor_id":"9ac7dc7b-c5b7-4248-a435-29f3c3e38702","actor_username":"archieyumdumb@gmail.com","actor_via_sso":false,"log_type":"token"}', '2025-07-01 09:32:33.230213+00', ''),
	('00000000-0000-0000-0000-000000000000', '2db13d0a-7293-4bd0-b209-d45b8e567e8a', '{"action":"user_deleted","actor_id":"00000000-0000-0000-0000-000000000000","actor_username":"service_role","actor_via_sso":false,"log_type":"team","traits":{"user_email":"elvissawing@icloud.com","user_id":"5a658570-aed6-4ab5-856e-c36a887bee24","user_phone":""}}', '2025-07-01 10:05:26.53556+00', ''),
	('00000000-0000-0000-0000-000000000000', '8b8bd28b-f981-4b5d-b26c-6927c366e15f', '{"action":"logout","actor_id":"9ac7dc7b-c5b7-4248-a435-29f3c3e38702","actor_username":"archieyumdumb@gmail.com","actor_via_sso":false,"log_type":"account"}', '2025-07-01 10:07:47.937973+00', ''),
	('00000000-0000-0000-0000-000000000000', '957dbd5c-9185-4711-9bc7-0ad1c9c4c4b8', '{"action":"user_confirmation_requested","actor_id":"3cf3d1ab-7fe8-4fef-81d9-084d7c3ad182","actor_username":"elvissawing@icloud.com","actor_via_sso":false,"log_type":"user","traits":{"provider":"email"}}', '2025-07-01 10:09:02.326313+00', ''),
	('00000000-0000-0000-0000-000000000000', '0623bde7-f91d-41ae-831d-af73c89da275', '{"action":"user_signedup","actor_id":"3cf3d1ab-7fe8-4fef-81d9-084d7c3ad182","actor_username":"elvissawing@icloud.com","actor_via_sso":false,"log_type":"team"}', '2025-07-01 10:09:22.802223+00', ''),
	('00000000-0000-0000-0000-000000000000', '1733834a-c979-4d7c-8168-ef4f4d38ff9b', '{"action":"login","actor_id":"3cf3d1ab-7fe8-4fef-81d9-084d7c3ad182","actor_username":"elvissawing@icloud.com","actor_via_sso":false,"log_type":"account","traits":{"provider_type":"email"}}', '2025-07-01 10:09:27.556481+00', ''),
	('00000000-0000-0000-0000-000000000000', 'f01efd4c-1c21-4e93-8a85-55ddc8ae378a', '{"action":"login","actor_id":"3cf3d1ab-7fe8-4fef-81d9-084d7c3ad182","actor_username":"elvissawing@icloud.com","actor_via_sso":false,"log_type":"account","traits":{"provider":"email"}}', '2025-07-01 10:09:45.738597+00', ''),
	('00000000-0000-0000-0000-000000000000', '015aea1e-b203-4b27-a6f6-bb8cf016241d', '{"action":"login","actor_id":"3cf3d1ab-7fe8-4fef-81d9-084d7c3ad182","actor_username":"elvissawing@icloud.com","actor_via_sso":false,"log_type":"account","traits":{"provider":"email"}}', '2025-07-01 10:11:02.441768+00', ''),
	('00000000-0000-0000-0000-000000000000', 'ad28d4d0-dd11-4545-a3f2-0458c66cfbdf', '{"action":"login","actor_id":"3cf3d1ab-7fe8-4fef-81d9-084d7c3ad182","actor_username":"elvissawing@icloud.com","actor_via_sso":false,"log_type":"account","traits":{"provider":"email"}}', '2025-07-01 10:11:28.852049+00', ''),
	('00000000-0000-0000-0000-000000000000', '8b8708eb-0cdf-4ab9-aa5a-6ee97cc60ef2', '{"action":"login","actor_id":"3cf3d1ab-7fe8-4fef-81d9-084d7c3ad182","actor_username":"elvissawing@icloud.com","actor_via_sso":false,"log_type":"account","traits":{"provider":"email"}}', '2025-07-01 10:11:42.130254+00', ''),
	('00000000-0000-0000-0000-000000000000', 'fd58d3c8-5e3e-4b7c-9c1e-476a575fe430', '{"action":"login","actor_id":"3cf3d1ab-7fe8-4fef-81d9-084d7c3ad182","actor_username":"elvissawing@icloud.com","actor_via_sso":false,"log_type":"account","traits":{"provider":"email"}}', '2025-07-01 10:14:10.965414+00', ''),
	('00000000-0000-0000-0000-000000000000', '9c959503-b0c3-415a-b1bd-a5eaee525a99', '{"action":"logout","actor_id":"3cf3d1ab-7fe8-4fef-81d9-084d7c3ad182","actor_username":"elvissawing@icloud.com","actor_via_sso":false,"log_type":"account"}', '2025-07-01 10:15:27.952105+00', ''),
	('00000000-0000-0000-0000-000000000000', '9badcb35-2ffa-439b-814c-7fc654142c89', '{"action":"login","actor_id":"36deaa22-fb96-4124-a7d2-10293abb382b","actor_username":"elvissawing.muran@gmail.com","actor_via_sso":false,"log_type":"account","traits":{"provider":"email"}}', '2025-07-01 10:15:34.660262+00', ''),
	('00000000-0000-0000-0000-000000000000', 'f28a0886-de49-4f5f-820e-76db44ead523', '{"action":"token_refreshed","actor_id":"f3ef37a5-299a-4a80-87d2-949c55d6fbea","actor_username":"u2102340@siswa.um.edu.my","actor_via_sso":false,"log_type":"token"}', '2025-07-02 05:24:43.575035+00', ''),
	('00000000-0000-0000-0000-000000000000', '16fad55f-46c6-4e85-901e-c691ba5e53c9', '{"action":"token_revoked","actor_id":"f3ef37a5-299a-4a80-87d2-949c55d6fbea","actor_username":"u2102340@siswa.um.edu.my","actor_via_sso":false,"log_type":"token"}', '2025-07-02 05:24:43.58393+00', ''),
	('00000000-0000-0000-0000-000000000000', '6a864a09-f41a-490e-963a-085d764e8446', '{"action":"login","actor_id":"f3ef37a5-299a-4a80-87d2-949c55d6fbea","actor_username":"u2102340@siswa.um.edu.my","actor_via_sso":false,"log_type":"account","traits":{"provider":"email"}}', '2025-07-02 05:25:04.525277+00', ''),
	('00000000-0000-0000-0000-000000000000', '442613ae-e21d-45c7-a5cb-13ddb144bebb', '{"action":"token_revoked","actor_id":"f3ef37a5-299a-4a80-87d2-949c55d6fbea","actor_username":"u2102340@siswa.um.edu.my","actor_via_sso":false,"log_type":"token"}', '2025-07-02 06:25:01.027453+00', ''),
	('00000000-0000-0000-0000-000000000000', 'be5a963e-09b9-493a-94aa-be0685d1fc2e', '{"action":"token_refreshed","actor_id":"f3ef37a5-299a-4a80-87d2-949c55d6fbea","actor_username":"u2102340@siswa.um.edu.my","actor_via_sso":false,"log_type":"token"}', '2025-07-02 07:45:05.01861+00', ''),
	('00000000-0000-0000-0000-000000000000', '6aa32288-3bce-49ea-b73d-fdde59538592', '{"action":"token_revoked","actor_id":"f3ef37a5-299a-4a80-87d2-949c55d6fbea","actor_username":"u2102340@siswa.um.edu.my","actor_via_sso":false,"log_type":"token"}', '2025-07-02 07:45:05.032447+00', ''),
	('00000000-0000-0000-0000-000000000000', 'cf9995a6-db45-4d14-acbc-b2d489feb94f', '{"action":"token_refreshed","actor_id":"f3ef37a5-299a-4a80-87d2-949c55d6fbea","actor_username":"u2102340@siswa.um.edu.my","actor_via_sso":false,"log_type":"token"}', '2025-07-02 11:07:07.405063+00', ''),
	('00000000-0000-0000-0000-000000000000', '9ce01c1a-342a-42a5-a069-4c940b517d97', '{"action":"token_revoked","actor_id":"f3ef37a5-299a-4a80-87d2-949c55d6fbea","actor_username":"u2102340@siswa.um.edu.my","actor_via_sso":false,"log_type":"token"}', '2025-07-02 11:07:07.406986+00', ''),
	('00000000-0000-0000-0000-000000000000', 'cfc76a23-c7c4-41e0-bee1-b7272f1d29c6', '{"action":"token_refreshed","actor_id":"f3ef37a5-299a-4a80-87d2-949c55d6fbea","actor_username":"u2102340@siswa.um.edu.my","actor_via_sso":false,"log_type":"token"}', '2025-07-02 14:45:43.496092+00', ''),
	('00000000-0000-0000-0000-000000000000', '98679c15-d397-413c-b97a-4d13c2a132da', '{"action":"token_revoked","actor_id":"f3ef37a5-299a-4a80-87d2-949c55d6fbea","actor_username":"u2102340@siswa.um.edu.my","actor_via_sso":false,"log_type":"token"}', '2025-07-02 14:45:43.498375+00', ''),
	('00000000-0000-0000-0000-000000000000', 'f075108c-5994-43cd-96f6-6fdaafe0faa8', '{"action":"token_refreshed","actor_id":"f3ef37a5-299a-4a80-87d2-949c55d6fbea","actor_username":"u2102340@siswa.um.edu.my","actor_via_sso":false,"log_type":"token"}', '2025-07-02 16:03:43.818242+00', ''),
	('00000000-0000-0000-0000-000000000000', '65af1a7f-5345-4d37-9898-943c33677668', '{"action":"token_revoked","actor_id":"f3ef37a5-299a-4a80-87d2-949c55d6fbea","actor_username":"u2102340@siswa.um.edu.my","actor_via_sso":false,"log_type":"token"}', '2025-07-02 16:03:43.826861+00', ''),
	('00000000-0000-0000-0000-000000000000', '0010d93a-0172-4414-bd71-ab4a21ff7366', '{"action":"login","actor_id":"36deaa22-fb96-4124-a7d2-10293abb382b","actor_username":"elvissawing.muran@gmail.com","actor_via_sso":false,"log_type":"account","traits":{"provider":"email"}}', '2025-08-04 13:05:53.723085+00', ''),
	('00000000-0000-0000-0000-000000000000', 'ba726868-dd58-4bd8-acae-17b97a2a1328', '{"action":"login","actor_id":"36deaa22-fb96-4124-a7d2-10293abb382b","actor_username":"elvissawing.muran@gmail.com","actor_via_sso":false,"log_type":"account","traits":{"provider":"email"}}', '2025-08-04 13:05:59.317755+00', ''),
	('00000000-0000-0000-0000-000000000000', '08e644fb-f501-4ea8-b73a-e4c5155148c3', '{"action":"login","actor_id":"36deaa22-fb96-4124-a7d2-10293abb382b","actor_username":"elvissawing.muran@gmail.com","actor_via_sso":false,"log_type":"account","traits":{"provider":"email"}}', '2025-11-06 17:36:08.778127+00', ''),
	('00000000-0000-0000-0000-000000000000', 'df76179c-46e1-496e-bc2b-65018ac00d42', '{"action":"login","actor_id":"36deaa22-fb96-4124-a7d2-10293abb382b","actor_username":"elvissawing.muran@gmail.com","actor_via_sso":false,"log_type":"account","traits":{"provider":"email"}}', '2025-08-05 08:43:23.327553+00', ''),
	('00000000-0000-0000-0000-000000000000', '96586098-65fc-4b90-a421-a40855eb1493', '{"action":"logout","actor_id":"36deaa22-fb96-4124-a7d2-10293abb382b","actor_username":"elvissawing.muran@gmail.com","actor_via_sso":false,"log_type":"account"}', '2025-11-06 17:46:20.864964+00', ''),
	('00000000-0000-0000-0000-000000000000', '358b270b-3d30-4c5a-a7e6-16ac65a540f2', '{"action":"user_recovery_requested","actor_id":"3cf3d1ab-7fe8-4fef-81d9-084d7c3ad182","actor_username":"elvissawing@icloud.com","actor_via_sso":false,"log_type":"user"}', '2025-11-06 17:46:47.791417+00', ''),
	('00000000-0000-0000-0000-000000000000', '3fe38bb5-9af3-452b-8f6b-eb20d2f26cfd', '{"action":"logout","actor_id":"36deaa22-fb96-4124-a7d2-10293abb382b","actor_username":"elvissawing.muran@gmail.com","actor_via_sso":false,"log_type":"account"}', '2025-08-05 08:46:36.318568+00', ''),
	('00000000-0000-0000-0000-000000000000', '99681e09-d98c-425f-a306-bf1346f8a710', '{"action":"user_recovery_requested","actor_id":"586d8cb9-ba19-459b-8e12-bc0c4ca9ba3a","actor_username":"edmundelvis0119@gmail.com","actor_via_sso":false,"log_type":"user"}', '2025-11-06 17:48:41.866356+00', ''),
	('00000000-0000-0000-0000-000000000000', '8f2a8ce0-d1f0-4b31-b07f-0aea12af2705', '{"action":"login","actor_id":"586d8cb9-ba19-459b-8e12-bc0c4ca9ba3a","actor_username":"edmundelvis0119@gmail.com","actor_via_sso":false,"log_type":"account"}', '2025-11-06 17:49:12.647601+00', ''),
	('00000000-0000-0000-0000-000000000000', 'b21ee45e-0d72-462a-a29a-04cd4b839428', '{"action":"login","actor_id":"586d8cb9-ba19-459b-8e12-bc0c4ca9ba3a","actor_username":"edmundelvis0119@gmail.com","actor_via_sso":false,"log_type":"account","traits":{"provider_type":"recovery"}}', '2025-11-06 17:49:15.324569+00', ''),
	('00000000-0000-0000-0000-000000000000', '19ce9d81-f4f5-4f71-9e4a-ea0b951c3878', '{"action":"user_updated_password","actor_id":"586d8cb9-ba19-459b-8e12-bc0c4ca9ba3a","actor_username":"edmundelvis0119@gmail.com","actor_via_sso":false,"log_type":"user"}', '2025-11-06 17:49:54.767504+00', ''),
	('00000000-0000-0000-0000-000000000000', '5dbe25ae-e513-4d0e-a9f5-f12c4e7231ec', '{"action":"user_modified","actor_id":"586d8cb9-ba19-459b-8e12-bc0c4ca9ba3a","actor_username":"edmundelvis0119@gmail.com","actor_via_sso":false,"log_type":"user"}', '2025-11-06 17:49:54.768201+00', ''),
	('00000000-0000-0000-0000-000000000000', '5fa557e4-a84c-41a8-8f18-c6f107185d3d', '{"action":"login","actor_id":"586d8cb9-ba19-459b-8e12-bc0c4ca9ba3a","actor_username":"edmundelvis0119@gmail.com","actor_via_sso":false,"log_type":"account","traits":{"provider":"email"}}', '2025-11-06 17:50:31.115083+00', ''),
	('00000000-0000-0000-0000-000000000000', 'f61e650d-a670-40ba-9981-bb16ef1ab756', '{"action":"logout","actor_id":"586d8cb9-ba19-459b-8e12-bc0c4ca9ba3a","actor_username":"edmundelvis0119@gmail.com","actor_via_sso":false,"log_type":"account"}', '2025-11-06 17:51:08.258566+00', '');


--
-- Data for Name: flow_state; Type: TABLE DATA; Schema: auth; Owner: supabase_auth_admin
--

INSERT INTO "auth"."flow_state" ("id", "user_id", "auth_code", "code_challenge_method", "code_challenge", "provider_type", "provider_access_token", "provider_refresh_token", "created_at", "updated_at", "authentication_method", "auth_code_issued_at") VALUES
	('924a9fba-6b27-4fd0-b78f-651b488c4c72', 'df42e2f2-9280-4755-8430-07d86978cb0d', 'f6361f80-e2eb-4f7e-b3e6-d9ef8b014468', 's256', 'b7g5OhaQlaK2MxWU5lwzjgIoeQwTom6s-w1a-o3I3bg', 'email', '', '', '2025-06-10 05:46:38.091941+00', '2025-06-10 05:47:02.174027+00', 'email/signup', '2025-06-10 05:47:02.173977+00'),
	('d974ea53-c8e9-4983-b458-95e6655879a4', '490d1de1-3b47-46ff-a583-f99619759ea8', 'dc19d41a-f066-4483-ba56-213c6f18face', 's256', 'zytF0q4qe3MHjd264GaR7A2KY7p6IH8_kfFv4TlEb9Y', 'email', '', '', '2025-06-10 07:40:50.889358+00', '2025-06-10 07:41:08.092933+00', 'email/signup', '2025-06-10 07:41:08.092891+00'),
	('2edbb388-46be-4ce4-80d8-83097abb7384', '723c72e3-9877-444b-a038-1fa35dbd2bfd', '91ec7e43-fed9-4619-a8b1-f7fa82055317', 's256', 'qHhHHILkCaMm-hBv5ZeOvvZ1_eZXLkD7Y1pzZqQ7T_E', 'email', '', '', '2025-06-10 07:44:01.070197+00', '2025-06-10 07:44:36.256998+00', 'email/signup', '2025-06-10 07:44:36.256962+00'),
	('436785f2-df08-4513-8194-e448161c7ac6', '450b20d2-6b88-4b10-9cef-2516230a77d0', '8697fd36-f77d-49aa-a644-1691791c3084', 's256', '1Tvll7T5PhL8qc6uOekzMe7bE05YEipTZ-N9AhbD-HQ', 'email', '', '', '2025-06-10 10:06:44.519642+00', '2025-06-10 10:06:44.519642+00', 'email/signup', NULL),
	('a54197d0-9596-4f83-9d98-f0f7c72b8503', '9ac7dc7b-c5b7-4248-a435-29f3c3e38702', '9f621f9f-c66f-4db3-8beb-7936d94bf307', 's256', 'GtoH2A2ullIV3oL0SlqMjJBJp0unpIVJLdd_avEEyKw', 'email', '', '', '2025-06-10 13:41:26.769203+00', '2025-06-10 13:42:10.632486+00', 'email/signup', '2025-06-10 13:42:10.632445+00'),
	('44409738-7845-4b58-a423-558a0fb2b70b', '36deaa22-fb96-4124-a7d2-10293abb382b', '3e4e019e-7d3c-45ec-8a05-75d62626b269', 's256', 'aMbwk1SDfU3nTopM6bqWMoML56gwTU8RH2SadpUvdvc', 'email', '', '', '2025-06-10 13:49:15.261352+00', '2025-06-10 13:49:32.297751+00', 'email/signup', '2025-06-10 13:49:32.297703+00'),
	('12856d5e-bb18-49a3-9959-99e5032e453e', '608a33e2-d7f4-4773-bf4a-fa0bfbb9bab2', '883d6efb-e008-40bd-a82b-7c4d89f62267', 's256', 'sqkqwy0EaYPeP-CK4sbfreR0rLw3SLpUsoArPEfsceE', 'email', '', '', '2025-06-11 08:59:53.556022+00', '2025-06-11 09:00:03.840149+00', 'email/signup', '2025-06-11 09:00:03.840106+00'),
	('603a4333-f380-4908-8041-063c3eeaf71f', '5c03172d-6451-4481-95c3-8445bdea98a9', '80f8ce93-9a1b-4bec-bebb-1f6059e2cf2a', 's256', 'ewW7uuC6y0z6WAkYMHc2Fn1q3s3Cc4b9nvqFH4Khc6E', 'email', '', '', '2025-06-12 15:28:22.538636+00', '2025-06-12 15:28:37.706386+00', 'email/signup', '2025-06-12 15:28:37.706352+00'),
	('3c958051-1ce2-45bb-8c1f-d1e958288f83', 'f6adb043-c698-4658-8f65-6822dd2b66b2', '1cbdd949-5407-4eb6-a96a-72b317a79381', 's256', 'HOyFTMP6NkGDlSPXeNbJglK7vtxH92Q9MVQlDbBR9NM', 'email', '', '', '2025-06-12 15:54:50.604851+00', '2025-06-12 15:54:50.604851+00', 'email/signup', NULL),
	('353ee797-f942-4e87-9bb0-ed73a392069d', '9ac7dc7b-c5b7-4248-a435-29f3c3e38702', '4f783866-fbfc-47cf-bd99-dba07749eae1', 's256', '7pizIQKVm0ud_tZL3gdggEIKDkNkikbdHPhCbc9ze8g', 'recovery', '', '', '2025-06-12 16:00:30.060235+00', '2025-06-12 16:01:03.905971+00', 'recovery', '2025-06-12 16:01:03.905932+00'),
	('9f320921-dfba-4295-8356-085bf14748ef', 'bde2265a-411f-4380-875e-50d331c78bef', '234b0f8b-c386-4958-b1c1-89f43880422c', 's256', '0XFtlxl8yHmHO4vLDYw0Gtb8qXqbPxPL_HjLh75ABDA', 'email', '', '', '2025-06-13 02:22:56.511764+00', '2025-06-13 02:22:56.511764+00', 'email/signup', NULL),
	('3ae54ce8-a70a-41bd-bb52-f80e431b2901', 'f3ef37a5-299a-4a80-87d2-949c55d6fbea', 'a77f6c2f-4cd1-4392-8cfb-fadf7b79cd70', 's256', 'KQ9Q-QEPM_1uUu52bjG_NJJgI9aew5aqLY2aP6hhJuw', 'email', '', '', '2025-06-13 13:19:12.833495+00', '2025-06-13 13:19:12.833495+00', 'email/signup', NULL),
	('43e64152-8cdb-4639-86b0-a23c7fdfbdc8', '3cf3d1ab-7fe8-4fef-81d9-084d7c3ad182', 'f4b381b1-187f-469a-8706-7367e8e7499d', 's256', 'iad-aJM1NImdYurd3-mM7Vpqwpg2NBbv5LobgG-k820', 'recovery', '', '', '2025-11-06 17:46:47.781212+00', '2025-11-06 17:46:47.781212+00', 'recovery', NULL);


--
-- Data for Name: users; Type: TABLE DATA; Schema: auth; Owner: supabase_auth_admin
--

INSERT INTO "auth"."users" ("instance_id", "id", "aud", "role", "email", "encrypted_password", "email_confirmed_at", "invited_at", "confirmation_token", "confirmation_sent_at", "recovery_token", "recovery_sent_at", "email_change_token_new", "email_change", "email_change_sent_at", "last_sign_in_at", "raw_app_meta_data", "raw_user_meta_data", "is_super_admin", "created_at", "updated_at", "phone", "phone_confirmed_at", "phone_change", "phone_change_token", "phone_change_sent_at", "email_change_token_current", "email_change_confirm_status", "banned_until", "reauthentication_token", "reauthentication_sent_at", "is_sso_user", "deleted_at", "is_anonymous") VALUES
	('00000000-0000-0000-0000-000000000000', '608a33e2-d7f4-4773-bf4a-fa0bfbb9bab2', 'authenticated', 'authenticated', 'u2101680@siswa.um.edu.my', '$2a$10$eV55QcMWA/GpDcSC.TOnFuG.53a/N4nin/Z96Z1.Ek4k/Sgzp2qRC', '2025-06-11 09:00:03.83556+00', NULL, '', NULL, '', NULL, '', '', NULL, '2025-06-17 05:03:39.085476+00', '{"provider": "email", "providers": ["email"]}', '{"sub": "608a33e2-d7f4-4773-bf4a-fa0bfbb9bab2", "name": "Hello", "role": "non-deaf", "email": "u2101680@siswa.um.edu.my", "email_verified": true, "phone_verified": false}', NULL, '2025-06-11 08:59:53.530055+00', '2025-06-17 07:14:29.896458+00', NULL, NULL, '', '', NULL, '', 0, NULL, '', NULL, false, NULL, false),
	('00000000-0000-0000-0000-000000000000', 'f274a7d4-208e-46cc-8331-cfe5767843b0', 'authenticated', 'authenticated', 'eisraqrejab2409@gmail.com', '$2a$10$DUwhGG2dBXcOQ2NYvjiqpe9p6BNAFN2mK8OL0cxUAX844kjjlrVI.', '2025-06-13 02:21:56.914975+00', NULL, '', NULL, '', NULL, '', '', NULL, '2025-06-13 02:27:46.277543+00', '{"provider": "email", "providers": ["email"]}', '{"email_verified": true}', NULL, '2025-06-13 02:21:56.885273+00', '2025-06-13 04:02:33.619135+00', NULL, NULL, '', '', NULL, '', 0, NULL, '', NULL, false, NULL, false),
	('00000000-0000-0000-0000-000000000000', 'd868b185-f00f-4146-b58b-745aa8cbb028', 'authenticated', 'authenticated', 'papielv1203@gmail.com', '$2a$10$sV.MTzlt8KBpAiIc6dFzJOAn5kHi0DrnLTTBNvAyzuH98p7VRyEmq', '2025-06-15 03:54:25.452879+00', NULL, '', '2025-06-15 03:53:52.60274+00', '', NULL, '', '', NULL, '2025-06-15 04:19:38.619616+00', '{"provider": "email", "providers": ["email"]}', '{"sub": "d868b185-f00f-4146-b58b-745aa8cbb028", "name": "Elsa", "role": "non-deaf", "email": "papielv1203@gmail.com", "email_verified": true, "phone_verified": false}', NULL, '2025-06-15 03:53:52.544959+00', '2025-06-15 04:19:38.621727+00', NULL, NULL, '', '', NULL, '', 0, NULL, '', NULL, false, NULL, false),
	('00000000-0000-0000-0000-000000000000', 'f3ef37a5-299a-4a80-87d2-949c55d6fbea', 'authenticated', 'authenticated', 'u2102340@siswa.um.edu.my', '$2a$10$m8Y6ZGn58yf1odIF9cjm7epeyaEmQuCi/2vMZeNVitaJuuDF3TQxq', '2025-06-13 13:21:24.67472+00', NULL, '', '2025-06-13 13:20:20.042657+00', '', NULL, '', '', NULL, '2025-07-02 05:25:04.528621+00', '{"provider": "email", "providers": ["email"]}', '{"sub": "f3ef37a5-299a-4a80-87d2-949c55d6fbea", "name": "eisraq", "role": "non-deaf", "email": "u2102340@siswa.um.edu.my", "email_verified": true, "phone_verified": false}', NULL, '2025-06-13 13:19:12.80386+00', '2025-07-02 16:03:43.836302+00', NULL, NULL, '', '', NULL, '', 0, NULL, '', NULL, false, NULL, false),
	('00000000-0000-0000-0000-000000000000', '9ac7dc7b-c5b7-4248-a435-29f3c3e38702', 'authenticated', 'authenticated', 'archieyumdumb@gmail.com', '$2a$10$AoDDicnT/j.QO/OXkCyaYuO7fb/agI8ZdXAOb5vangtMMfeUmrb4S', '2025-06-10 13:42:10.627553+00', NULL, '', NULL, '', NULL, '', '', NULL, '2025-07-01 08:34:21.529732+00', '{"provider": "email", "providers": ["email"]}', '{"sub": "9ac7dc7b-c5b7-4248-a435-29f3c3e38702", "name": "yumdmb", "role": "non-deaf", "email": "archieyumdumb@gmail.com", "email_verified": true, "phone_verified": false}', NULL, '2025-06-10 13:41:26.735707+00', '2025-07-01 09:32:33.237684+00', NULL, NULL, '', '', NULL, '', 0, NULL, '', NULL, false, NULL, false),
	('00000000-0000-0000-0000-000000000000', '36deaa22-fb96-4124-a7d2-10293abb382b', 'authenticated', 'authenticated', 'elvissawing.muran@gmail.com', '$2a$10$z375NoBN82lWTTue66V.ROG9.UkNIF06FsKdmmRKGEwtFgLtw0hoy', '2025-06-10 13:49:32.292148+00', NULL, '', '2025-06-10 13:49:15.262689+00', '', NULL, '', '', NULL, '2025-11-06 17:36:08.799864+00', '{"provider": "email", "providers": ["email"]}', '{"sub": "36deaa22-fb96-4124-a7d2-10293abb382b", "name": "Elvis Sawing", "role": "non-deaf", "email": "elvissawing.muran@gmail.com", "email_verified": true, "phone_verified": false}', NULL, '2025-06-10 13:49:15.251236+00', '2025-11-06 17:36:08.83264+00', NULL, NULL, '', '', NULL, '', 0, NULL, '', NULL, false, NULL, false),
	('00000000-0000-0000-0000-000000000000', '3cf3d1ab-7fe8-4fef-81d9-084d7c3ad182', 'authenticated', 'authenticated', 'elvissawing@icloud.com', '$2a$10$LwnxKVhHZmjPwN9KLMyRJ.2liSNQr83Av1tz38k6GXcWCojAfIPkm', '2025-07-01 10:09:22.802909+00', NULL, '', '2025-07-01 10:09:02.339041+00', 'pkce_07281d490b780f239f09159ebba9fff5f8a6df0498fdecd0de6f5c3c', '2025-11-06 17:46:47.803647+00', '', '', NULL, '2025-07-01 10:14:10.967703+00', '{"provider": "email", "providers": ["email"]}', '{"sub": "3cf3d1ab-7fe8-4fef-81d9-084d7c3ad182", "name": "Elvis iCloud", "role": "non-deaf", "email": "elvissawing@icloud.com", "email_verified": true, "phone_verified": false}', NULL, '2025-07-01 10:09:02.298649+00', '2025-11-06 17:46:49.668003+00', NULL, NULL, '', '', NULL, '', 0, NULL, '', NULL, false, NULL, false),
	('00000000-0000-0000-0000-000000000000', '586d8cb9-ba19-459b-8e12-bc0c4ca9ba3a', 'authenticated', 'authenticated', 'edmundelvis0119@gmail.com', '$2a$10$u0FjhzNfGfhop34SHOlvmeitc6dTCOZ0DFBw0fJoDEE5kN83GUzeO', '2025-06-15 15:36:30.897402+00', NULL, '', NULL, '', NULL, '', '', NULL, '2025-11-06 17:50:31.115921+00', '{"provider": "email", "providers": ["email"]}', '{"sub": "586d8cb9-ba19-459b-8e12-bc0c4ca9ba3a", "name": "Elvis Sawing", "role": "non-deaf", "email": "edmundelvis0119@gmail.com", "email_verified": true, "phone_verified": false}', NULL, '2025-06-15 15:36:19.497318+00', '2025-11-06 17:50:31.117674+00', NULL, NULL, '', '', NULL, '', 0, NULL, '', NULL, false, NULL, false);


--
-- Data for Name: identities; Type: TABLE DATA; Schema: auth; Owner: supabase_auth_admin
--

INSERT INTO "auth"."identities" ("provider_id", "user_id", "identity_data", "provider", "last_sign_in_at", "created_at", "updated_at", "id") VALUES
	('d868b185-f00f-4146-b58b-745aa8cbb028', 'd868b185-f00f-4146-b58b-745aa8cbb028', '{"sub": "d868b185-f00f-4146-b58b-745aa8cbb028", "name": "Elsa", "role": "non-deaf", "email": "papielv1203@gmail.com", "email_verified": true, "phone_verified": false}', 'email', '2025-06-15 03:53:52.582983+00', '2025-06-15 03:53:52.583066+00', '2025-06-15 03:53:52.583066+00', 'e3e470bd-16af-4775-adce-90e3601b63fe'),
	('9ac7dc7b-c5b7-4248-a435-29f3c3e38702', '9ac7dc7b-c5b7-4248-a435-29f3c3e38702', '{"sub": "9ac7dc7b-c5b7-4248-a435-29f3c3e38702", "name": "yumdmb", "role": "non-deaf", "email": "archieyumdumb@gmail.com", "email_verified": true, "phone_verified": false}', 'email', '2025-06-10 13:41:26.760574+00', '2025-06-10 13:41:26.760631+00', '2025-06-10 13:41:26.760631+00', '38632e70-8ac7-4956-a7ee-c88260daf0f4'),
	('36deaa22-fb96-4124-a7d2-10293abb382b', '36deaa22-fb96-4124-a7d2-10293abb382b', '{"sub": "36deaa22-fb96-4124-a7d2-10293abb382b", "name": "Elvis Sawing", "role": "non-deaf", "email": "elvissawing.muran@gmail.com", "email_verified": true, "phone_verified": false}', 'email', '2025-06-10 13:49:15.256093+00', '2025-06-10 13:49:15.25615+00', '2025-06-10 13:49:15.25615+00', '34d71631-c4ce-4128-a87f-d2d48a9e6d98'),
	('608a33e2-d7f4-4773-bf4a-fa0bfbb9bab2', '608a33e2-d7f4-4773-bf4a-fa0bfbb9bab2', '{"sub": "608a33e2-d7f4-4773-bf4a-fa0bfbb9bab2", "name": "Hello", "role": "non-deaf", "email": "u2101680@siswa.um.edu.my", "email_verified": true, "phone_verified": false}', 'email', '2025-06-11 08:59:53.551043+00', '2025-06-11 08:59:53.551097+00', '2025-06-11 08:59:53.551097+00', '7f28cb34-d846-4ca7-ba4b-2abf729a88ab'),
	('586d8cb9-ba19-459b-8e12-bc0c4ca9ba3a', '586d8cb9-ba19-459b-8e12-bc0c4ca9ba3a', '{"sub": "586d8cb9-ba19-459b-8e12-bc0c4ca9ba3a", "name": "Elvis Sawing", "role": "non-deaf", "email": "edmundelvis0119@gmail.com", "email_verified": true, "phone_verified": false}', 'email', '2025-06-15 15:36:19.517213+00', '2025-06-15 15:36:19.517266+00', '2025-06-15 15:36:19.517266+00', '0f3d9d85-4cbd-447c-8615-ec22985a8fe7'),
	('f274a7d4-208e-46cc-8331-cfe5767843b0', 'f274a7d4-208e-46cc-8331-cfe5767843b0', '{"sub": "f274a7d4-208e-46cc-8331-cfe5767843b0", "email": "eisraqrejab2409@gmail.com", "email_verified": false, "phone_verified": false}', 'email', '2025-06-13 02:21:56.906684+00', '2025-06-13 02:21:56.90675+00', '2025-06-13 02:21:56.90675+00', '676fcd8e-1e2d-4a02-a777-30d316cdef87'),
	('f3ef37a5-299a-4a80-87d2-949c55d6fbea', 'f3ef37a5-299a-4a80-87d2-949c55d6fbea', '{"sub": "f3ef37a5-299a-4a80-87d2-949c55d6fbea", "name": "eisraq", "role": "non-deaf", "email": "u2102340@siswa.um.edu.my", "email_verified": true, "phone_verified": false}', 'email', '2025-06-13 13:19:12.8247+00', '2025-06-13 13:19:12.824767+00', '2025-06-13 13:19:12.824767+00', '52f46234-1000-4ecc-9e74-e7abd9a5ebdd'),
	('3cf3d1ab-7fe8-4fef-81d9-084d7c3ad182', '3cf3d1ab-7fe8-4fef-81d9-084d7c3ad182', '{"sub": "3cf3d1ab-7fe8-4fef-81d9-084d7c3ad182", "name": "Elvis iCloud", "role": "non-deaf", "email": "elvissawing@icloud.com", "email_verified": true, "phone_verified": false}', 'email', '2025-07-01 10:09:02.321824+00', '2025-07-01 10:09:02.321878+00', '2025-07-01 10:09:02.321878+00', '8b755a76-feef-4056-aea3-c8aaa7bc87fa');


--
-- Data for Name: instances; Type: TABLE DATA; Schema: auth; Owner: supabase_auth_admin
--



--
-- Data for Name: oauth_clients; Type: TABLE DATA; Schema: auth; Owner: supabase_auth_admin
--



--
-- Data for Name: sessions; Type: TABLE DATA; Schema: auth; Owner: supabase_auth_admin
--

INSERT INTO "auth"."sessions" ("id", "user_id", "created_at", "updated_at", "factor_id", "aal", "not_after", "refreshed_at", "user_agent", "ip", "tag", "oauth_client_id", "refresh_token_hmac_key", "refresh_token_counter") VALUES
	('10945502-a06d-41ff-97a0-223a07d83f70', 'f3ef37a5-299a-4a80-87d2-949c55d6fbea', '2025-07-02 05:25:04.528698+00', '2025-07-02 16:03:43.840007+00', NULL, 'aal1', NULL, '2025-07-02 16:03:43.839925', 'Next.js Middleware', '115.164.210.132', NULL, NULL, NULL, NULL),
	('389c3166-6ae2-4b41-9397-e3d9d5f79e35', 'f274a7d4-208e-46cc-8331-cfe5767843b0', '2025-06-13 02:27:46.279775+00', '2025-06-13 04:02:33.620074+00', NULL, 'aal1', NULL, '2025-06-13 04:02:33.620004', 'Next.js Middleware', '115.164.186.218', NULL, NULL, NULL, NULL),
	('112f863e-e92e-457a-811f-bbf76257855b', 'f3ef37a5-299a-4a80-87d2-949c55d6fbea', '2025-06-17 08:40:54.44148+00', '2025-06-26 15:48:17.592635+00', NULL, 'aal1', NULL, '2025-06-26 15:48:17.592106', 'Next.js Middleware', '182.62.31.29', NULL, NULL, NULL, NULL),
	('8454da34-e6db-416b-95f0-de38d753e654', 'f3ef37a5-299a-4a80-87d2-949c55d6fbea', '2025-06-26 15:48:34.128045+00', '2025-07-02 05:24:43.606467+00', NULL, 'aal1', NULL, '2025-07-02 05:24:43.606392', 'Next.js Middleware', '115.164.210.132', NULL, NULL, NULL, NULL);


--
-- Data for Name: mfa_amr_claims; Type: TABLE DATA; Schema: auth; Owner: supabase_auth_admin
--

INSERT INTO "auth"."mfa_amr_claims" ("session_id", "created_at", "updated_at", "authentication_method", "id") VALUES
	('112f863e-e92e-457a-811f-bbf76257855b', '2025-06-17 08:40:54.443162+00', '2025-06-17 08:40:54.443162+00', 'password', '938cd2c8-5899-49e7-8d9a-e5ca49381c70'),
	('8454da34-e6db-416b-95f0-de38d753e654', '2025-06-26 15:48:34.144079+00', '2025-06-26 15:48:34.144079+00', 'password', '22443e4c-489a-49a7-b332-c924308b67ca'),
	('389c3166-6ae2-4b41-9397-e3d9d5f79e35', '2025-06-13 02:27:46.299579+00', '2025-06-13 02:27:46.299579+00', 'password', '72a857bf-2d2b-4905-aa87-848674ed785f'),
	('10945502-a06d-41ff-97a0-223a07d83f70', '2025-07-02 05:25:04.536408+00', '2025-07-02 05:25:04.536408+00', 'password', 'ac98cb5c-f3bb-401e-8bf1-912b5cb5d573');


--
-- Data for Name: mfa_factors; Type: TABLE DATA; Schema: auth; Owner: supabase_auth_admin
--



--
-- Data for Name: mfa_challenges; Type: TABLE DATA; Schema: auth; Owner: supabase_auth_admin
--



--
-- Data for Name: oauth_authorizations; Type: TABLE DATA; Schema: auth; Owner: supabase_auth_admin
--



--
-- Data for Name: oauth_consents; Type: TABLE DATA; Schema: auth; Owner: supabase_auth_admin
--



--
-- Data for Name: one_time_tokens; Type: TABLE DATA; Schema: auth; Owner: supabase_auth_admin
--

INSERT INTO "auth"."one_time_tokens" ("id", "user_id", "token_type", "token_hash", "relates_to", "created_at", "updated_at") VALUES
	('35c618fa-8de5-4eac-844a-70808d802299', '3cf3d1ab-7fe8-4fef-81d9-084d7c3ad182', 'recovery_token', 'pkce_07281d490b780f239f09159ebba9fff5f8a6df0498fdecd0de6f5c3c', 'elvissawing@icloud.com', '2025-11-06 17:46:49.676275', '2025-11-06 17:46:49.676275');


--
-- Data for Name: refresh_tokens; Type: TABLE DATA; Schema: auth; Owner: supabase_auth_admin
--

INSERT INTO "auth"."refresh_tokens" ("instance_id", "id", "token", "user_id", "revoked", "created_at", "updated_at", "parent", "session_id") VALUES
	('00000000-0000-0000-0000-000000000000', 90, 'cp76is5ezseo', 'f274a7d4-208e-46cc-8331-cfe5767843b0', true, '2025-06-13 02:27:46.284881+00', '2025-06-13 04:02:33.617266+00', NULL, '389c3166-6ae2-4b41-9397-e3d9d5f79e35'),
	('00000000-0000-0000-0000-000000000000', 96, 'pqqkedzp6kdd', 'f274a7d4-208e-46cc-8331-cfe5767843b0', false, '2025-06-13 04:02:33.618227+00', '2025-06-13 04:02:33.618227+00', 'cp76is5ezseo', '389c3166-6ae2-4b41-9397-e3d9d5f79e35'),
	('00000000-0000-0000-0000-000000000000', 291, 'tmsvatnxkcmj', 'f3ef37a5-299a-4a80-87d2-949c55d6fbea', false, '2025-07-02 05:24:43.599351+00', '2025-07-02 05:24:43.599351+00', '4utthnnwtnxm', '8454da34-e6db-416b-95f0-de38d753e654'),
	('00000000-0000-0000-0000-000000000000', 292, 'hpwjrufolvi3', 'f3ef37a5-299a-4a80-87d2-949c55d6fbea', true, '2025-07-02 05:25:04.53512+00', '2025-07-02 06:25:01.028784+00', NULL, '10945502-a06d-41ff-97a0-223a07d83f70'),
	('00000000-0000-0000-0000-000000000000', 294, 'j3555sry7huw', 'f3ef37a5-299a-4a80-87d2-949c55d6fbea', true, '2025-07-02 07:45:05.04738+00', '2025-07-02 11:07:07.40749+00', '3z5bcf7h66ll', '10945502-a06d-41ff-97a0-223a07d83f70'),
	('00000000-0000-0000-0000-000000000000', 296, '5a4fhrapnjfj', 'f3ef37a5-299a-4a80-87d2-949c55d6fbea', true, '2025-07-02 14:45:43.500668+00', '2025-07-02 16:03:43.82846+00', 'b27zcpmqcwwy', '10945502-a06d-41ff-97a0-223a07d83f70'),
	('00000000-0000-0000-0000-000000000000', 276, '5xjpqkr6n7no', 'f3ef37a5-299a-4a80-87d2-949c55d6fbea', true, '2025-06-17 08:40:54.442129+00', '2025-06-17 10:15:35.360908+00', NULL, '112f863e-e92e-457a-811f-bbf76257855b'),
	('00000000-0000-0000-0000-000000000000', 279, 'yxb4635cutu6', 'f3ef37a5-299a-4a80-87d2-949c55d6fbea', true, '2025-06-17 10:15:35.362262+00', '2025-06-26 15:48:17.557921+00', '5xjpqkr6n7no', '112f863e-e92e-457a-811f-bbf76257855b'),
	('00000000-0000-0000-0000-000000000000', 281, '4utthnnwtnxm', 'f3ef37a5-299a-4a80-87d2-949c55d6fbea', true, '2025-06-26 15:48:34.139358+00', '2025-07-02 05:24:43.585663+00', NULL, '8454da34-e6db-416b-95f0-de38d753e654'),
	('00000000-0000-0000-0000-000000000000', 293, '3z5bcf7h66ll', 'f3ef37a5-299a-4a80-87d2-949c55d6fbea', true, '2025-07-02 06:25:01.03077+00', '2025-07-02 07:45:05.034672+00', 'hpwjrufolvi3', '10945502-a06d-41ff-97a0-223a07d83f70'),
	('00000000-0000-0000-0000-000000000000', 295, 'b27zcpmqcwwy', 'f3ef37a5-299a-4a80-87d2-949c55d6fbea', true, '2025-07-02 11:07:07.40871+00', '2025-07-02 14:45:43.498872+00', 'j3555sry7huw', '10945502-a06d-41ff-97a0-223a07d83f70'),
	('00000000-0000-0000-0000-000000000000', 297, 'kazhkchjgt4f', 'f3ef37a5-299a-4a80-87d2-949c55d6fbea', false, '2025-07-02 16:03:43.832485+00', '2025-07-02 16:03:43.832485+00', '5a4fhrapnjfj', '10945502-a06d-41ff-97a0-223a07d83f70'),
	('00000000-0000-0000-0000-000000000000', 280, 'haenyytpjilv', 'f3ef37a5-299a-4a80-87d2-949c55d6fbea', false, '2025-06-26 15:48:17.573255+00', '2025-06-26 15:48:17.573255+00', 'yxb4635cutu6', '112f863e-e92e-457a-811f-bbf76257855b');


--
-- Data for Name: sso_providers; Type: TABLE DATA; Schema: auth; Owner: supabase_auth_admin
--



--
-- Data for Name: saml_providers; Type: TABLE DATA; Schema: auth; Owner: supabase_auth_admin
--



--
-- Data for Name: saml_relay_states; Type: TABLE DATA; Schema: auth; Owner: supabase_auth_admin
--



--
-- Data for Name: sso_domains; Type: TABLE DATA; Schema: auth; Owner: supabase_auth_admin
--



--
-- Data for Name: chats; Type: TABLE DATA; Schema: public; Owner: postgres
--

INSERT INTO "public"."chats" ("id", "is_group", "name", "created_at", "last_message_at", "updated_at", "created_by") VALUES
	('1e7e6287-807a-426b-b08e-3081f8d99940', false, NULL, '2025-06-14 16:51:42.185155+00', '2025-06-17 08:41:03.27+00', '2025-06-14 16:51:42.185155+00', '36deaa22-fb96-4124-a7d2-10293abb382b'),
	('f7efeafa-b03d-48f6-9624-ee04ed1a3ba9', false, NULL, '2025-07-02 06:14:22.039095+00', '2025-07-02 06:14:22.039095+00', '2025-07-02 06:14:22.039095+00', 'f3ef37a5-299a-4a80-87d2-949c55d6fbea'),
	('dd6e598d-81d3-4c86-a62b-5b817e82a4a4', false, NULL, '2025-06-14 17:02:46.38514+00', '2025-06-14 17:02:49.035+00', '2025-06-14 17:02:46.38514+00', '36deaa22-fb96-4124-a7d2-10293abb382b'),
	('adf68bad-6420-4561-ad3f-27d9379d7289', false, NULL, '2025-06-14 16:19:54.249867+00', '2025-06-14 16:51:08.348+00', '2025-06-14 16:19:54.249867+00', '9ac7dc7b-c5b7-4248-a435-29f3c3e38702'),
	('ccc4c4d5-f6cc-4411-b27d-2913e174e235', false, NULL, '2025-06-17 06:51:40.330916+00', '2025-06-17 06:51:43.768+00', '2025-06-17 06:51:40.330916+00', 'f3ef37a5-299a-4a80-87d2-949c55d6fbea'),
	('bbd59845-6e4c-49b5-874b-adc68a87af11', false, NULL, '2025-06-14 15:48:49.391094+00', '2025-06-17 06:54:31.486+00', '2025-06-14 15:48:49.391094+00', '9ac7dc7b-c5b7-4248-a435-29f3c3e38702');


--
-- Data for Name: user_profiles; Type: TABLE DATA; Schema: public; Owner: postgres
--

INSERT INTO "public"."user_profiles" ("id", "name", "email", "role", "created_at", "updated_at", "proficiency_level") VALUES
	('d868b185-f00f-4146-b58b-745aa8cbb028', 'Elsa', 'papielv1203@gmail.com', 'non-deaf', '2025-06-15 03:53:52.544959+00', '2025-06-15 03:53:52.544592+00', 'Beginner'),
	('9ac7dc7b-c5b7-4248-a435-29f3c3e38702', 'yumdmb', 'archieyumdumb@gmail.com', 'non-deaf', '2025-06-10 13:41:26.733273+00', '2025-06-10 13:41:26.733273+00', 'Intermediate'),
	('608a33e2-d7f4-4773-bf4a-fa0bfbb9bab2', 'Hello', 'u2101680@siswa.um.edu.my', 'non-deaf', '2025-06-11 08:59:53.529739+00', '2025-06-11 08:59:53.529739+00', 'Intermediate'),
	('36deaa22-fb96-4124-a7d2-10293abb382b', 'Elvis Sawing', 'elvissawing.muran@gmail.com', 'admin', '2025-06-10 13:49:15.250876+00', '2025-06-10 13:49:15.250876+00', 'Intermediate'),
	('586d8cb9-ba19-459b-8e12-bc0c4ca9ba3a', 'Elvis Sawing', 'edmundelvis0119@gmail.com', 'non-deaf', '2025-06-15 15:36:19.497318+00', '2025-06-15 15:36:19.496997+00', 'Advanced'),
	('f3ef37a5-299a-4a80-87d2-949c55d6fbea', 'eisraq', 'u2102340@siswa.um.edu.my', 'non-deaf', '2025-06-13 13:19:12.80386+00', '2025-06-13 13:19:12.803471+00', 'Intermediate'),
	('3cf3d1ab-7fe8-4fef-81d9-084d7c3ad182', 'Elvis iCloud', 'elvissawing@icloud.com', 'non-deaf', '2025-07-01 10:09:02.298649+00', '2025-07-01 10:09:02.298212+00', 'Intermediate');


--
-- Data for Name: chat_participants; Type: TABLE DATA; Schema: public; Owner: postgres
--

INSERT INTO "public"."chat_participants" ("id", "chat_id", "user_id", "joined_at") VALUES
	('1d6f3088-6fa4-48c5-b8cc-af0b1736c366', 'bbd59845-6e4c-49b5-874b-adc68a87af11', '9ac7dc7b-c5b7-4248-a435-29f3c3e38702', '2025-06-14 15:48:49.391094+00'),
	('83eac1ef-f5e3-4b13-9d8e-22d96ba9cab9', 'bbd59845-6e4c-49b5-874b-adc68a87af11', 'f3ef37a5-299a-4a80-87d2-949c55d6fbea', '2025-06-14 15:48:49.391094+00'),
	('17b41a1e-db39-4c7b-90fd-f87d11e7b928', 'adf68bad-6420-4561-ad3f-27d9379d7289', '9ac7dc7b-c5b7-4248-a435-29f3c3e38702', '2025-06-14 16:19:54.249867+00'),
	('1cac9ea5-2b25-4146-a454-a706e3d8abde', 'adf68bad-6420-4561-ad3f-27d9379d7289', '36deaa22-fb96-4124-a7d2-10293abb382b', '2025-06-14 16:19:54.249867+00'),
	('6ff0c01c-89e7-4dce-892e-4faa2fe3d8ea', '1e7e6287-807a-426b-b08e-3081f8d99940', '36deaa22-fb96-4124-a7d2-10293abb382b', '2025-06-14 16:51:42.185155+00'),
	('7eed225d-d2ad-4b81-ac3b-48fc4761d5ca', '1e7e6287-807a-426b-b08e-3081f8d99940', 'f3ef37a5-299a-4a80-87d2-949c55d6fbea', '2025-06-14 16:51:42.185155+00'),
	('47b38fce-30b7-4c8b-bffc-0a7498684314', 'dd6e598d-81d3-4c86-a62b-5b817e82a4a4', '36deaa22-fb96-4124-a7d2-10293abb382b', '2025-06-14 17:02:46.38514+00'),
	('977972f3-0ce0-49eb-9aeb-b8bdfb2d2b96', 'dd6e598d-81d3-4c86-a62b-5b817e82a4a4', '608a33e2-d7f4-4773-bf4a-fa0bfbb9bab2', '2025-06-14 17:02:46.38514+00'),
	('f6dcc027-353b-4ee2-84a7-e80e1653ca7a', 'ccc4c4d5-f6cc-4411-b27d-2913e174e235', 'f3ef37a5-299a-4a80-87d2-949c55d6fbea', '2025-06-17 06:51:40.330916+00'),
	('0cb4fc3a-9af1-4850-b0ec-b12e8ffa7f16', 'ccc4c4d5-f6cc-4411-b27d-2913e174e235', '608a33e2-d7f4-4773-bf4a-fa0bfbb9bab2', '2025-06-17 06:51:40.330916+00'),
	('cb25ec84-b682-49af-b7b2-7d6bec758ba6', 'f7efeafa-b03d-48f6-9624-ee04ed1a3ba9', 'f3ef37a5-299a-4a80-87d2-949c55d6fbea', '2025-07-02 06:14:22.039095+00'),
	('b672ae24-0698-4c60-9aa6-0061b23347d8', 'f7efeafa-b03d-48f6-9624-ee04ed1a3ba9', '3cf3d1ab-7fe8-4fef-81d9-084d7c3ad182', '2025-07-02 06:14:22.039095+00');


--
-- Data for Name: forum_posts; Type: TABLE DATA; Schema: public; Owner: postgres
--

INSERT INTO "public"."forum_posts" ("id", "title", "content", "user_id", "created_at", "updated_at") VALUES
	('b1972c75-d653-423b-adf6-efb31b5c9bb6', 'Hello', 'Cubaan dari saya
', '9ac7dc7b-c5b7-4248-a435-29f3c3e38702', '2025-06-13 19:25:35.137079+00', '2025-06-13 19:25:35.137079+00'),
	('04a553a4-994a-4c64-8128-fe572d72194a', 'Mengenali Bahasa Isyarat Malaysia', 'Bahasa isyarat ini ialah bahasa yang tulen bagi orang kehilangan pendengaran di Malaysia, yang juga merupakan bahasa ibunda dan bahasa isyarat istimewa bagi Orang Pekak Malaysia.

Pada awalnya mereka menggunakan ASL (American Sign Language), kemudian telah diadaptasi agar sesuai digunakan di Malaysia.

Bahasa isyarat ini mempunyai tatabahasa yang tersendiri yang mana ianya lebih menjurus kepada apa yang boleh dilihat oleh orang pekak itu sendiri.

Tidak dinafikan bahawa bahasa ini ini tidak sesuai dalam proses pembelajaran dan pengajaran bahasa samada Bahasa Inggeris mahupun Bahasa Melayu.

Walaubagaimanpun, penggunaan bahasa isyarat ini amat berguna untuk memudahkan pemahan orang pekak.

Pembangunan bahasa isyarat ini dibuat oleh Persekutuan Orang Pekak Malaysia sejak tahun 1997 melalui dana dari Abilis Foundation, Finland.

Persekutuan ini telah memulakan projek menghimpunan isyarat tempatan yang digunakan oleh orang Pekak dari pelbagai bangsa dan agama dari seluruh negara.

Bahasa isyarat ini kemudiannya telah diiktiraf sebagai bahasa rasmi orang Pekak di Malaysia melalui Akta Orang Kurang Upaya 2008 atau Akta 685.', 'f3ef37a5-299a-4a80-87d2-949c55d6fbea', '2025-06-17 04:19:26.941651+00', '2025-06-17 04:19:26.941651+00'),
	('b1b146a9-069e-4d47-9ec2-c269b6125c9b', 'Kelebihan Berkomunikasi Bahasa Isyarat', '> Dapat mengelakkan risiko perkembangan bahasa yang lambat bagi kanak-kanak pekak dan bisu. Masalah utama kanak-kanak masalah pendengaran ialah perkembamgan proses menguasai bahasa yang digunakan untuk berkomunikasi.

> Dapat mengembangkan keupayaan mental.

> Bahasa Isyarat banyak memberi sumbangan kepada perkembangan bayi. Antaranya bayi kurang mengalami tekanan dan dapat mengekspresikan perasaan dan kehendak mereka dengan menggunakan bahasa isyarat ketika mereka tidak tahu bercakap.

> Dapat menguasai kebolehan membaca dengan cepat.

JOM BELAJAR BAHASA ISYARAT', 'f3ef37a5-299a-4a80-87d2-949c55d6fbea', '2025-06-17 04:20:39.072768+00', '2025-06-17 04:20:39.072768+00'),
	('bd1265a2-3167-48ed-92d5-5d4a01b285b7', 'BENGKEL BAHASA ISYARAT (ASAS) MSL', ' 17/07/2025 | Selasa

SESI 1	:08.30 Pagi - 10.30 Pagi
Pengenalan kepada Bahasa Isyarat, syarat dan peraturan.

SESI 2	:11.00 Pagi - 01.00 Tengah Hari
ABJAB dan Nombor tangan Bahasa Isyarat

SESI 3	:02.30 Petang - 04.30 Petang
Ucapan Ringkas Bahasa Isyarat

Objektif kursus
- Memberi pendedahan kepada penjawat awam cara berkomunikasi menggunakan bahasa isyarat yang mudah
- Mewujudkan kesedaran kalangan penjawat awam bariasan hadapan mengenai kepentingan mempelajari bahasa isyarat', 'f3ef37a5-299a-4a80-87d2-949c55d6fbea', '2025-06-17 04:16:54.909251+00', '2025-06-17 04:20:57.738+00'),
	('3a088355-737d-4617-9478-7f76d50d613e', 'AAAAAAAAAA', 'AAAAAAAAAAAA', 'f3ef37a5-299a-4a80-87d2-949c55d6fbea', '2025-06-17 08:41:36.728484+00', '2025-06-17 08:41:36.728484+00');


--
-- Data for Name: forum_comments; Type: TABLE DATA; Schema: public; Owner: postgres
--

INSERT INTO "public"."forum_comments" ("id", "post_id", "content", "user_id", "parent_comment_id", "created_at", "updated_at") VALUES
	('848d4927-4c23-4453-a5ec-36f88e44ade6', 'b1972c75-d653-423b-adf6-efb31b5c9bb6', 'saya berminattt', 'f3ef37a5-299a-4a80-87d2-949c55d6fbea', NULL, '2025-06-14 17:11:39.614848+00', '2025-06-14 17:11:39.614848+00'),
	('35699596-6f96-4abe-80c7-9ce364d7b2f0', 'b1972c75-d653-423b-adf6-efb31b5c9bb6', 'eisraq', 'f3ef37a5-299a-4a80-87d2-949c55d6fbea', NULL, '2025-06-14 17:12:59.464316+00', '2025-06-14 17:12:59.464316+00'),
	('759b2c4b-a183-49a8-8f66-e0ea08513bdb', 'b1972c75-d653-423b-adf6-efb31b5c9bb6', 'saay disini', 'f3ef37a5-299a-4a80-87d2-949c55d6fbea', NULL, '2025-06-14 17:13:09.75622+00', '2025-06-14 17:13:09.75622+00'),
	('cec0620d-8aec-4c78-83ac-7cdf8a79363d', 'bd1265a2-3167-48ed-92d5-5d4a01b285b7', 'macam mana nak join kursus ni?
', 'f3ef37a5-299a-4a80-87d2-949c55d6fbea', NULL, '2025-06-17 04:17:54.490807+00', '2025-06-17 04:17:54.490807+00'),
	('2f0a0e10-cf3b-4c93-9034-8621ca2f5a1c', 'bd1265a2-3167-48ed-92d5-5d4a01b285b7', 'ada bayaran tak?
', 'f3ef37a5-299a-4a80-87d2-949c55d6fbea', NULL, '2025-06-17 05:22:16.614206+00', '2025-06-17 05:22:16.614206+00'),
	('14414fe3-3c4c-4f70-99d8-c2f170be71e2', 'bd1265a2-3167-48ed-92d5-5d4a01b285b7', 'link kursus akan diberikan kemudian ya
', '36deaa22-fb96-4124-a7d2-10293abb382b', 'cec0620d-8aec-4c78-83ac-7cdf8a79363d', '2025-06-17 05:23:46.83672+00', '2025-06-17 05:23:46.83672+00'),
	('8a1eeb6c-dec4-40bb-ba38-86e86fae8ab6', '3a088355-737d-4617-9478-7f76d50d613e', 'SSSSSS', 'f3ef37a5-299a-4a80-87d2-949c55d6fbea', NULL, '2025-06-17 08:42:06.558577+00', '2025-06-17 08:42:06.558577+00'),
	('4babf0fc-a1f7-4a30-981c-c10102755289', '3a088355-737d-4617-9478-7f76d50d613e', 'Hi!', '9ac7dc7b-c5b7-4248-a435-29f3c3e38702', NULL, '2025-06-17 08:42:07.309889+00', '2025-06-17 08:42:07.309889+00'),
	('69385273-a0fd-4925-90ce-8d63b645f2b6', '3a088355-737d-4617-9478-7f76d50d613e', 'DDDD', 'f3ef37a5-299a-4a80-87d2-949c55d6fbea', '8a1eeb6c-dec4-40bb-ba38-86e86fae8ab6', '2025-06-17 08:42:41.450111+00', '2025-06-17 08:42:41.450111+00'),
	('d4331963-7f97-4c1a-9f42-31466ccd1736', '3a088355-737d-4617-9478-7f76d50d613e', 'DDDD', 'f3ef37a5-299a-4a80-87d2-949c55d6fbea', '69385273-a0fd-4925-90ce-8d63b645f2b6', '2025-06-17 08:42:45.767157+00', '2025-06-17 08:42:45.767157+00'),
	('5fd33987-9d7d-4af5-9bda-a88d91af34fe', '3a088355-737d-4617-9478-7f76d50d613e', 'Hi Eisra!', '9ac7dc7b-c5b7-4248-a435-29f3c3e38702', '8a1eeb6c-dec4-40bb-ba38-86e86fae8ab6', '2025-06-17 08:42:49.082514+00', '2025-06-17 08:42:49.082514+00'),
	('57a1102f-da1b-4f57-903c-9b1123498556', 'b1b146a9-069e-4d47-9ec2-c269b6125c9b', 'Good info!', '9ac7dc7b-c5b7-4248-a435-29f3c3e38702', NULL, '2025-07-01 09:49:02.280794+00', '2025-07-01 09:49:02.280794+00');


--
-- Data for Name: gesture_categories; Type: TABLE DATA; Schema: public; Owner: postgres
--

INSERT INTO "public"."gesture_categories" ("id", "name", "icon", "created_at") VALUES
	(25, 'Common Phrases', '', '2025-06-14 20:49:37.434952+00'),
	(26, 'Greetings', '', '2025-06-14 20:49:37.434952+00'),
	(27, 'Questions', '', '2025-06-14 20:49:37.434952+00'),
	(28, 'Emotions', '', '2025-06-14 20:49:37.434952+00'),
	(29, 'Numbers', '', '2025-06-14 20:49:37.434952+00'),
	(30, 'Alphabet', '', '2025-06-14 20:49:37.434952+00');


--
-- Data for Name: gesture_contributions; Type: TABLE DATA; Schema: public; Owner: postgres
--

INSERT INTO "public"."gesture_contributions" ("id", "title", "description", "language", "media_type", "media_url", "thumbnail_url", "submitted_by", "status", "rejection_reason", "reviewed_by", "created_at", "updated_at", "reviewed_at") VALUES
	('c259ec9e-fc1e-4115-bce7-230c446f96e7', 'sssss', 'ssss', 'MSL', 'image', 'https://bqzbddrrnohiymbauslp.supabase.co/storage/v1/object/public/media/gesture-contributions/9ac7dc7b-c5b7-4248-a435-29f3c3e38702/1749825654713.jpg', NULL, '9ac7dc7b-c5b7-4248-a435-29f3c3e38702', 'approved', NULL, '36deaa22-fb96-4124-a7d2-10293abb382b', '2025-06-13 14:40:56.138002+00', '2025-06-13 14:49:39.217034+00', '2025-06-13 14:49:38.06+00'),
	('cce3a65c-6b9e-44e4-9c21-f1933477ceaf', 'Hello', 'Hello in MSL', 'ASL', 'video', 'https://bqzbddrrnohiymbauslp.supabase.co/storage/v1/object/public/media/gesture-contributions/608a33e2-d7f4-4773-bf4a-fa0bfbb9bab2/1749827167083.webm', NULL, '608a33e2-d7f4-4773-bf4a-fa0bfbb9bab2', 'approved', NULL, '36deaa22-fb96-4124-a7d2-10293abb382b', '2025-06-13 15:06:08.647888+00', '2025-06-14 06:01:05.728821+00', '2025-06-14 06:01:05.443+00'),
	('0a334f04-0c8c-4236-a65d-bb80b7fa0ebe', 'ww', 'wwww', 'MSL', 'image', 'https://bqzbddrrnohiymbauslp.supabase.co/storage/v1/object/public/media/gesture-contributions/608a33e2-d7f4-4773-bf4a-fa0bfbb9bab2/1749826540020.jpg', NULL, '608a33e2-d7f4-4773-bf4a-fa0bfbb9bab2', 'rejected', 'not widely used', '36deaa22-fb96-4124-a7d2-10293abb382b', '2025-06-13 14:55:41.585094+00', '2025-06-14 06:01:18.3516+00', '2025-06-14 06:01:18.063+00'),
	('8f2f88d7-7a1e-44e9-9f0c-ab26fdf7f201', 'Hello', 'Greeting', 'ASL', 'image', 'https://bqzbddrrnohiymbauslp.supabase.co/storage/v1/object/public/media/gesture-contributions/36deaa22-fb96-4124-a7d2-10293abb382b/1749998533223.jpg', NULL, '36deaa22-fb96-4124-a7d2-10293abb382b', 'pending', NULL, NULL, '2025-06-15 14:42:14.018152+00', '2025-06-15 14:42:14.018152+00', NULL),
	('17b2b04e-ef56-4c73-8c18-a45ca7cd809e', 'c', 'c', 'ASL', 'image', 'https://bqzbddrrnohiymbauslp.supabase.co/storage/v1/object/public/media/gesture-contributions/36deaa22-fb96-4124-a7d2-10293abb382b/1749999501711.png', NULL, '36deaa22-fb96-4124-a7d2-10293abb382b', 'pending', NULL, NULL, '2025-06-15 14:58:24.545229+00', '2025-06-15 14:58:24.545229+00', NULL),
	('2e744d7b-ccf8-469a-a6e8-bc35c9077c88', 'dd', 'dd', 'ASL', 'image', 'https://bqzbddrrnohiymbauslp.supabase.co/storage/v1/object/public/media/gesture-contributions/36deaa22-fb96-4124-a7d2-10293abb382b/1749999643810.png', NULL, '36deaa22-fb96-4124-a7d2-10293abb382b', 'pending', NULL, NULL, '2025-06-15 15:00:44.600481+00', '2025-06-15 15:00:44.600481+00', NULL),
	('55742d79-4087-4667-be3b-4af65596a012', 'Wilayah Persekutuan', 'Wilayah Persekutuan / Federal Territory', 'MSL', 'image', 'https://bqzbddrrnohiymbauslp.supabase.co/storage/v1/object/public/media/gesture-contributions/9ac7dc7b-c5b7-4248-a435-29f3c3e38702/1750000065370.jpg', NULL, '9ac7dc7b-c5b7-4248-a435-29f3c3e38702', 'pending', NULL, NULL, '2025-06-15 15:07:46.363643+00', '2025-06-15 15:07:46.363643+00', NULL),
	('05fc8226-19e5-4ec3-87ef-2f47655ceedf', 'hello', 'aaa', 'ASL', 'image', 'https://bqzbddrrnohiymbauslp.supabase.co/storage/v1/object/public/media/gesture-contributions/f3ef37a5-299a-4a80-87d2-949c55d6fbea/1750001240248.jpg', NULL, 'f3ef37a5-299a-4a80-87d2-949c55d6fbea', 'approved', NULL, '36deaa22-fb96-4124-a7d2-10293abb382b', '2025-06-15 15:27:20.983648+00', '2025-06-15 15:28:49.862274+00', '2025-06-15 15:28:49.406+00'),
	('6f641adf-0764-4049-aa59-d29655715942', 'few', 'wef', 'ASL', 'image', 'https://bqzbddrrnohiymbauslp.supabase.co/storage/v1/object/public/media/gesture-contributions/36deaa22-fb96-4124-a7d2-10293abb382b/1750137468269.jpeg', NULL, '36deaa22-fb96-4124-a7d2-10293abb382b', 'pending', NULL, NULL, '2025-06-17 05:17:49.8009+00', '2025-06-17 05:17:49.8009+00', NULL),
	('ad9838ac-aa50-47a8-b190-8fa447b831e1', 'rr', 'rr', 'ASL', 'image', 'https://bqzbddrrnohiymbauslp.supabase.co/storage/v1/object/public/media/gesture-contributions/36deaa22-fb96-4124-a7d2-10293abb382b/1750137914904.jpg', NULL, '36deaa22-fb96-4124-a7d2-10293abb382b', 'pending', NULL, NULL, '2025-06-17 05:25:15.896126+00', '2025-06-17 05:25:15.896126+00', NULL),
	('2a2a47c5-0d86-4bc8-82c3-cdbcab2f17e7', 'ee', 'ee', 'ASL', 'image', 'https://bqzbddrrnohiymbauslp.supabase.co/storage/v1/object/public/media/gesture-contributions/f3ef37a5-299a-4a80-87d2-949c55d6fbea/1750138107435.png', NULL, 'f3ef37a5-299a-4a80-87d2-949c55d6fbea', 'approved', NULL, '36deaa22-fb96-4124-a7d2-10293abb382b', '2025-06-17 05:28:28.744011+00', '2025-06-17 05:30:54.923756+00', '2025-06-17 05:30:54.162+00'),
	('5abe4238-7c8a-4018-8035-fb88ab993623', 'ff', 'wef', 'ASL', 'image', 'https://bqzbddrrnohiymbauslp.supabase.co/storage/v1/object/public/media/gesture-contributions/36deaa22-fb96-4124-a7d2-10293abb382b/1750139956418.jpg', NULL, '36deaa22-fb96-4124-a7d2-10293abb382b', 'approved', NULL, '36deaa22-fb96-4124-a7d2-10293abb382b', '2025-06-17 05:59:17.601014+00', '2025-06-17 05:59:28.154425+00', '2025-06-17 05:59:27.355+00'),
	('c4ed851d-0d42-4c2c-97cb-71cead264686', 'hey', 'ddd', 'ASL', 'image', 'https://bqzbddrrnohiymbauslp.supabase.co/storage/v1/object/public/media/gesture-contributions/f3ef37a5-299a-4a80-87d2-949c55d6fbea/1750140074482.png', NULL, 'f3ef37a5-299a-4a80-87d2-949c55d6fbea', 'pending', NULL, NULL, '2025-06-17 06:01:15.572415+00', '2025-06-17 06:01:15.572415+00', NULL),
	('bc06da44-edaf-428d-9237-fdde9522ff77', 'Assalamualaikum', 'Islamic greeting', 'ASL', 'image', 'https://bqzbddrrnohiymbauslp.supabase.co/storage/v1/object/public/media/gesture-contributions/f3ef37a5-299a-4a80-87d2-949c55d6fbea/1750140123099.jpeg', NULL, 'f3ef37a5-299a-4a80-87d2-949c55d6fbea', 'pending', NULL, NULL, '2025-06-17 06:02:04.149098+00', '2025-06-17 06:02:04.149098+00', NULL),
	('54d73fd1-96cf-4000-b715-1f79aaa5c978', 'ssf', 'fvfd', 'ASL', 'image', 'https://bqzbddrrnohiymbauslp.supabase.co/storage/v1/object/public/media/gesture-contributions/f3ef37a5-299a-4a80-87d2-949c55d6fbea/1750144858750.jpg', NULL, 'f3ef37a5-299a-4a80-87d2-949c55d6fbea', 'approved', NULL, '36deaa22-fb96-4124-a7d2-10293abb382b', '2025-06-17 07:20:59.878848+00', '2025-06-17 07:22:08.722968+00', '2025-06-17 07:22:07.947+00'),
	('d79978a6-4585-431d-82ab-dd64a4388462', 'AAAAAA', 'AAAAAAAAA', 'ASL', 'image', 'https://bqzbddrrnohiymbauslp.supabase.co/storage/v1/object/public/media/gesture-contributions/f3ef37a5-299a-4a80-87d2-949c55d6fbea/1750149493835.jpg', NULL, 'f3ef37a5-299a-4a80-87d2-949c55d6fbea', 'approved', NULL, '36deaa22-fb96-4124-a7d2-10293abb382b', '2025-06-17 08:38:15.258793+00', '2025-06-17 08:38:55.324868+00', '2025-06-17 08:38:54.494+00');


--
-- Data for Name: gestures; Type: TABLE DATA; Schema: public; Owner: postgres
--

INSERT INTO "public"."gestures" ("id", "name", "description", "media_url", "media_type", "language", "category_id", "user_id", "created_at", "updated_at") VALUES
	(5, '"A"', '"A" alphabet in American Sign Language', 'https://bqzbddrrnohiymbauslp.supabase.co/storage/v1/object/public/gestures/public/1749934238530.jpg', 'image', 'ASL', 30, NULL, '2025-06-14 20:50:39.772195+00', '2025-06-14 20:50:39.772195+00'),
	(6, 'Eat', '', 'https://bqzbddrrnohiymbauslp.supabase.co/storage/v1/object/public/gestures/public/1749997454199.png', 'image', 'ASL', 25, NULL, '2025-06-15 14:24:14.922906+00', '2025-06-15 14:24:14.922906+00'),
	(7, 'Hello', '', 'https://bqzbddrrnohiymbauslp.supabase.co/storage/v1/object/public/gestures/public/1749997519353.jpeg', 'image', 'ASL', 26, NULL, '2025-06-15 14:25:20.123697+00', '2025-06-15 14:25:20.123697+00'),
	(8, 'Sad', '', 'https://bqzbddrrnohiymbauslp.supabase.co/storage/v1/object/public/gestures/public/1749997585157.png', 'image', 'ASL', 28, NULL, '2025-06-15 14:26:25.908882+00', '2025-06-15 14:26:25.908882+00'),
	(9, 'Number 1', 'NUMBER', 'https://bqzbddrrnohiymbauslp.supabase.co/storage/v1/object/public/gestures/public/1750139824034.jpg', 'image', 'ASL', 29, NULL, '2025-06-17 05:57:05.208785+00', '2025-06-17 05:57:05.208785+00'),
	(10, 'ww', 'w', 'https://bqzbddrrnohiymbauslp.supabase.co/storage/v1/object/public/gestures/public/1750139870939.png', 'image', 'MSL', 29, NULL, '2025-06-17 05:57:55.906989+00', '2025-06-17 05:57:55.906989+00'),
	(11, 'hai', 'greeting', 'https://bqzbddrrnohiymbauslp.supabase.co/storage/v1/object/public/gestures/public/1750140016774.jpeg', 'image', 'ASL', 26, NULL, '2025-06-17 06:00:17.869034+00', '2025-06-17 06:00:17.869034+00');


--
-- Data for Name: materials; Type: TABLE DATA; Schema: public; Owner: postgres
--

INSERT INTO "public"."materials" ("id", "title", "description", "type", "file_size", "download_url", "level", "language", "created_by", "created_at", "updated_at", "file_path") VALUES
	('d7409f35-788b-440e-bd18-298954c20b38', 'Introduction to BIM', 'Introduction to BIM', 'application/pdf', 1921017, 'https://bqzbddrrnohiymbauslp.supabase.co/storage/v1/object/public/materials/36deaa22-fb96-4124-a7d2-10293abb382b/1750002336180_Topic%2007%20b.%20Introduction%20to%20BIM%20parameters.pdf', 'beginner', 'MSL', '36deaa22-fb96-4124-a7d2-10293abb382b', '2025-06-15 15:45:39.137625+00', '2025-06-15 15:45:39.137625+00', '36deaa22-fb96-4124-a7d2-10293abb382b/1750002336180_Topic 07 b. Introduction to BIM parameters.pdf'),
	('95735c9f-be25-4efe-9f47-9dea1973df76', 'Intro to BIM Params', 'Intro to BIM Params', 'application/pdf', 1921017, 'https://bqzbddrrnohiymbauslp.supabase.co/storage/v1/object/public/materials/36deaa22-fb96-4124-a7d2-10293abb382b/1750002533717_Topic%2007%20b.%20Introduction%20to%20BIM%20parameters.pdf', 'beginner', 'MSL', '36deaa22-fb96-4124-a7d2-10293abb382b', '2025-06-15 15:48:55.906439+00', '2025-06-15 15:48:55.906439+00', '36deaa22-fb96-4124-a7d2-10293abb382b/1750002533717_Topic 07 b. Introduction to BIM parameters.pdf'),
	('c27659fb-688c-4d1b-84dc-536d16bafd80', 'Intro to ASL', 'pt 2Intro to ASL ', 'application/pdf', 451869, 'https://bqzbddrrnohiymbauslp.supabase.co/storage/v1/object/public/materials/36deaa22-fb96-4124-a7d2-10293abb382b/1750149330511_WIF3009_PFSC_SEM2_2025_AA.pdf', 'beginner', 'ASL', '36deaa22-fb96-4124-a7d2-10293abb382b', '2025-06-17 08:35:32.042525+00', '2025-06-17 08:35:32.042525+00', '36deaa22-fb96-4124-a7d2-10293abb382b/1750149330511_WIF3009_PFSC_SEM2_2025_AA.pdf');


--
-- Data for Name: messages; Type: TABLE DATA; Schema: public; Owner: postgres
--

INSERT INTO "public"."messages" ("id", "chat_id", "sender_id", "content", "file_url", "reply_to_id", "is_edited", "created_at", "updated_at") VALUES
	('466c6a40-bbec-4dcb-95e0-af7a0e17e7f5', 'bbd59845-6e4c-49b5-874b-adc68a87af11', '9ac7dc7b-c5b7-4248-a435-29f3c3e38702', 'Hau', NULL, NULL, false, '2025-06-14 15:52:20.405272+00', '2025-06-14 15:52:20.405272+00'),
	('f72af34b-7184-4a75-8b67-031afeeb5ef3', 'bbd59845-6e4c-49b5-874b-adc68a87af11', '9ac7dc7b-c5b7-4248-a435-29f3c3e38702', 'Hai', NULL, NULL, false, '2025-06-14 15:52:25.014959+00', '2025-06-14 15:52:25.014959+00'),
	('238fb372-c166-4643-8c4a-af28e411f0af', 'bbd59845-6e4c-49b5-874b-adc68a87af11', '9ac7dc7b-c5b7-4248-a435-29f3c3e38702', 'Topic 07 b. Introduction to BIM parameters.pdf', 'https://bqzbddrrnohiymbauslp.supabase.co/storage/v1/object/public/chat_attachments/9ac7dc7b-c5b7-4248-a435-29f3c3e38702/1749916351485.pdf', NULL, false, '2025-06-14 15:52:33.916814+00', '2025-06-14 15:52:33.916814+00'),
	('3929c68b-1c31-488f-85e2-9db0caef7410', 'bbd59845-6e4c-49b5-874b-adc68a87af11', 'f3ef37a5-299a-4a80-87d2-949c55d6fbea', 'Test', NULL, NULL, false, '2025-06-14 15:57:34.12034+00', '2025-06-14 15:57:34.12034+00'),
	('3b410cf8-85c3-4514-a7c2-77bf8ebdd792', 'bbd59845-6e4c-49b5-874b-adc68a87af11', 'f3ef37a5-299a-4a80-87d2-949c55d6fbea', 'hai', NULL, NULL, false, '2025-06-14 16:13:21.4294+00', '2025-06-14 16:13:21.4294+00'),
	('a84739b3-62ae-43b8-814f-9e2a53f96285', 'bbd59845-6e4c-49b5-874b-adc68a87af11', 'f3ef37a5-299a-4a80-87d2-949c55d6fbea', 'macam nama awak adapt dengan keadaan sekeliling?', NULL, NULL, false, '2025-06-14 16:14:34.269379+00', '2025-06-14 16:14:34.269379+00'),
	('d09c3182-43e6-4c15-9395-6b0f3b8bb095', 'bbd59845-6e4c-49b5-874b-adc68a87af11', 'f3ef37a5-299a-4a80-87d2-949c55d6fbea', 'FYP-sequenceuc6.drawio.png', 'https://bqzbddrrnohiymbauslp.supabase.co/storage/v1/object/public/chat_attachments/f3ef37a5-299a-4a80-87d2-949c55d6fbea/1749917697211.png', NULL, false, '2025-06-14 16:15:02.23603+00', '2025-06-14 16:15:02.23603+00'),
	('8820e2e7-03c3-451d-b219-23e4ec214d9b', 'bbd59845-6e4c-49b5-874b-adc68a87af11', 'f3ef37a5-299a-4a80-87d2-949c55d6fbea', 'FYP-Page-7.drawio.png', 'https://bqzbddrrnohiymbauslp.supabase.co/storage/v1/object/public/chat_attachments/f3ef37a5-299a-4a80-87d2-949c55d6fbea/1749917721640.png', NULL, false, '2025-06-14 16:15:27.441592+00', '2025-06-14 16:15:27.441592+00'),
	('8853bb76-9a45-4d99-92c7-8a5d2fab2b0d', 'bbd59845-6e4c-49b5-874b-adc68a87af11', 'f3ef37a5-299a-4a80-87d2-949c55d6fbea', 'ni adalah attachment', NULL, NULL, false, '2025-06-14 16:15:44.100857+00', '2025-06-14 16:15:44.100857+00'),
	('6a017745-905e-4e42-895d-f5a729f11a36', 'bbd59845-6e4c-49b5-874b-adc68a87af11', '9ac7dc7b-c5b7-4248-a435-29f3c3e38702', 'Thank u!', NULL, NULL, false, '2025-06-14 16:16:46.920502+00', '2025-06-14 16:16:46.920502+00'),
	('7798204a-0988-4bb2-b9f4-e2fcf85fe67b', 'bbd59845-6e4c-49b5-874b-adc68a87af11', 'f3ef37a5-299a-4a80-87d2-949c55d6fbea', 'most welcome!', NULL, NULL, false, '2025-06-14 16:17:02.100257+00', '2025-06-14 16:17:02.100257+00'),
	('82385d94-dd28-42d4-af96-1dd85a66a234', 'adf68bad-6420-4561-ad3f-27d9379d7289', '9ac7dc7b-c5b7-4248-a435-29f3c3e38702', 'Hey!', NULL, NULL, false, '2025-06-14 16:20:00.108374+00', '2025-06-14 16:20:00.108374+00'),
	('50cb8e1e-51c8-496f-b13b-f9ccb2a50319', 'bbd59845-6e4c-49b5-874b-adc68a87af11', '9ac7dc7b-c5b7-4248-a435-29f3c3e38702', 'hi', NULL, NULL, false, '2025-06-14 16:43:45.97253+00', '2025-06-14 16:43:45.97253+00'),
	('2be00998-295f-4a89-a8fe-8ec54d33fde8', 'bbd59845-6e4c-49b5-874b-adc68a87af11', '9ac7dc7b-c5b7-4248-a435-29f3c3e38702', 'test', NULL, NULL, false, '2025-06-14 16:43:59.073375+00', '2025-06-14 16:43:59.073375+00'),
	('9d0fa626-05e9-4cf8-975d-c2f722752836', 'adf68bad-6420-4561-ad3f-27d9379d7289', '9ac7dc7b-c5b7-4248-a435-29f3c3e38702', 'Hi admin!', NULL, NULL, false, '2025-06-14 16:44:43.710681+00', '2025-06-14 16:44:43.710681+00'),
	('bb8b602b-2b53-43e5-9bac-1fe343a6b677', 'adf68bad-6420-4561-ad3f-27d9379d7289', '36deaa22-fb96-4124-a7d2-10293abb382b', 'hey hi yes?', NULL, NULL, false, '2025-06-14 16:48:12.234504+00', '2025-06-14 16:48:12.234504+00'),
	('c03ea1bc-a95c-45cd-825d-c4eaf75692f8', 'adf68bad-6420-4561-ad3f-27d9379d7289', '36deaa22-fb96-4124-a7d2-10293abb382b', 'hwy!', NULL, NULL, false, '2025-06-14 16:51:04.682885+00', '2025-06-14 16:51:04.682885+00'),
	('5c8b1c79-5b50-4c9a-b85e-698bd75fa852', 'adf68bad-6420-4561-ad3f-27d9379d7289', '36deaa22-fb96-4124-a7d2-10293abb382b', 'Apa khabar?', NULL, NULL, false, '2025-06-14 16:51:08.930633+00', '2025-06-14 16:51:08.930633+00'),
	('ba454647-db02-4245-84d5-54c0d82bbff5', '1e7e6287-807a-426b-b08e-3081f8d99940', '36deaa22-fb96-4124-a7d2-10293abb382b', 'Hi Eisraq!', NULL, NULL, false, '2025-06-14 16:51:47.354986+00', '2025-06-14 16:51:47.354986+00'),
	('79a5c378-6c95-492b-a4c0-82fb9bc7f4fc', '1e7e6287-807a-426b-b08e-3081f8d99940', 'f3ef37a5-299a-4a80-87d2-949c55d6fbea', 'Hi', NULL, NULL, false, '2025-06-14 16:53:25.694192+00', '2025-06-14 16:53:25.694192+00'),
	('c8508c82-192f-4478-815a-257f9a89997b', '1e7e6287-807a-426b-b08e-3081f8d99940', 'f3ef37a5-299a-4a80-87d2-949c55d6fbea', 'hows your day?', NULL, NULL, false, '2025-06-14 16:53:42.733663+00', '2025-06-14 16:53:42.733663+00'),
	('f407790c-38d0-4829-a48a-bf4af46f9c81', '1e7e6287-807a-426b-b08e-3081f8d99940', 'f3ef37a5-299a-4a80-87d2-949c55d6fbea', 'i hope its greattt', NULL, NULL, false, '2025-06-14 16:53:54.573286+00', '2025-06-14 16:53:54.573286+00'),
	('09abbc9a-22de-4d18-833b-d71f93e48766', '1e7e6287-807a-426b-b08e-3081f8d99940', '36deaa22-fb96-4124-a7d2-10293abb382b', 'hey!', NULL, NULL, false, '2025-06-14 16:54:10.873706+00', '2025-06-14 16:54:10.873706+00'),
	('05832c78-33c3-439a-9d4f-87ba5b100f4d', '1e7e6287-807a-426b-b08e-3081f8d99940', '36deaa22-fb96-4124-a7d2-10293abb382b', 'hi!', NULL, NULL, false, '2025-06-14 16:54:40.616729+00', '2025-06-14 16:54:40.616729+00'),
	('ae1111b9-465b-48e2-b66b-d93eba67d704', '1e7e6287-807a-426b-b08e-3081f8d99940', '36deaa22-fb96-4124-a7d2-10293abb382b', 'hi', NULL, NULL, false, '2025-06-14 16:54:47.084988+00', '2025-06-14 16:54:47.084988+00'),
	('61d97f5e-e4de-43c4-accf-26befabbfab0', '1e7e6287-807a-426b-b08e-3081f8d99940', '36deaa22-fb96-4124-a7d2-10293abb382b', 'hey', NULL, NULL, false, '2025-06-14 16:59:14.078659+00', '2025-06-14 16:59:14.078659+00'),
	('e4ad4144-964b-43f0-b90f-c83c21eab818', '1e7e6287-807a-426b-b08e-3081f8d99940', 'f3ef37a5-299a-4a80-87d2-949c55d6fbea', 'heyy', NULL, NULL, false, '2025-06-14 17:00:29.279934+00', '2025-06-14 17:00:29.279934+00'),
	('4d95d0e9-0372-43f8-a727-e749f0541ccb', '1e7e6287-807a-426b-b08e-3081f8d99940', 'f3ef37a5-299a-4a80-87d2-949c55d6fbea', 'hihihi', NULL, NULL, false, '2025-06-14 17:00:41.283364+00', '2025-06-14 17:00:41.283364+00'),
	('7992897a-e392-4f7c-b3d1-0820377128ae', '1e7e6287-807a-426b-b08e-3081f8d99940', '36deaa22-fb96-4124-a7d2-10293abb382b', 'heyy', NULL, NULL, false, '2025-06-14 17:00:44.625378+00', '2025-06-14 17:00:44.625378+00'),
	('5949c408-2293-42ee-b537-18fe6cc4f692', '1e7e6287-807a-426b-b08e-3081f8d99940', '36deaa22-fb96-4124-a7d2-10293abb382b', 'hii', NULL, NULL, false, '2025-06-14 17:00:48.947694+00', '2025-06-14 17:00:48.947694+00'),
	('76d5eddc-14be-4dbf-9e83-ce0c1e56d555', '1e7e6287-807a-426b-b08e-3081f8d99940', 'f3ef37a5-299a-4a80-87d2-949c55d6fbea', 'dapatt', NULL, NULL, false, '2025-06-14 17:00:51.946374+00', '2025-06-14 17:00:51.946374+00'),
	('f25285be-c346-4680-a385-b447176e9aac', '1e7e6287-807a-426b-b08e-3081f8d99940', '36deaa22-fb96-4124-a7d2-10293abb382b', 'hi', NULL, NULL, false, '2025-06-14 17:00:52.550834+00', '2025-06-14 17:00:52.550834+00'),
	('f008ade5-bb24-4ae5-8394-562d7edb289d', '1e7e6287-807a-426b-b08e-3081f8d99940', '36deaa22-fb96-4124-a7d2-10293abb382b', 'HEHE', NULL, NULL, false, '2025-06-14 17:00:55.588821+00', '2025-06-14 17:00:55.588821+00'),
	('1e741052-95d3-4a79-ba7f-8fb9776b8d36', '1e7e6287-807a-426b-b08e-3081f8d99940', 'f3ef37a5-299a-4a80-87d2-949c55d6fbea', 's=test one', NULL, NULL, false, '2025-06-14 17:00:57.315049+00', '2025-06-14 17:00:57.315049+00'),
	('082db573-07c5-40e7-8dd1-cc485b59cc36', '1e7e6287-807a-426b-b08e-3081f8d99940', '36deaa22-fb96-4124-a7d2-10293abb382b', 'LETSGO', NULL, NULL, false, '2025-06-14 17:01:00.405702+00', '2025-06-14 17:01:00.405702+00'),
	('ac2cbbe7-0bb3-4dbc-874e-6b5f7cdb51c3', '1e7e6287-807a-426b-b08e-3081f8d99940', 'f3ef37a5-299a-4a80-87d2-949c55d6fbea', 'gilakk', NULL, NULL, false, '2025-06-14 17:01:01.607098+00', '2025-06-14 17:01:01.607098+00'),
	('3001d5c8-fdd4-445c-8a98-0bc947087c3d', '1e7e6287-807a-426b-b08e-3081f8d99940', 'f3ef37a5-299a-4a80-87d2-949c55d6fbea', 'FYP-sequenceuc6.drawio.png', 'https://bqzbddrrnohiymbauslp.supabase.co/storage/v1/object/public/chat_attachments/f3ef37a5-299a-4a80-87d2-949c55d6fbea/1749920473009.png', NULL, false, '2025-06-14 17:01:18.029187+00', '2025-06-14 17:01:18.029187+00'),
	('a341d0bb-5304-4832-b1fb-3eb10bb1773b', '1e7e6287-807a-426b-b08e-3081f8d99940', '36deaa22-fb96-4124-a7d2-10293abb382b', 'Topic 07 b. Introduction to BIM parameters.pdf', 'https://bqzbddrrnohiymbauslp.supabase.co/storage/v1/object/public/chat_attachments/36deaa22-fb96-4124-a7d2-10293abb382b/1749920490633.pdf', NULL, false, '2025-06-14 17:01:33.599845+00', '2025-06-14 17:01:33.599845+00'),
	('69483ec8-5168-478b-ad03-6626983b419b', 'dd6e598d-81d3-4c86-a62b-5b817e82a4a4', '36deaa22-fb96-4124-a7d2-10293abb382b', 'Hello!', NULL, NULL, false, '2025-06-14 17:02:49.517275+00', '2025-06-14 17:02:49.517275+00'),
	('f7f6e18a-bc60-4d20-903d-1e50a69d4480', '1e7e6287-807a-426b-b08e-3081f8d99940', 'f3ef37a5-299a-4a80-87d2-949c55d6fbea', 'heyy', NULL, NULL, false, '2025-06-15 14:46:12.40475+00', '2025-06-15 14:46:12.40475+00'),
	('1346ff47-06af-4e64-b0c1-aed1e8452fc3', '1e7e6287-807a-426b-b08e-3081f8d99940', 'f3ef37a5-299a-4a80-87d2-949c55d6fbea', 'ASL_Sad.png', 'https://bqzbddrrnohiymbauslp.supabase.co/storage/v1/object/public/chat_attachments/f3ef37a5-299a-4a80-87d2-949c55d6fbea/1749998781879.png', NULL, false, '2025-06-15 14:46:22.569066+00', '2025-06-15 14:46:22.569066+00'),
	('090e2f4a-b5ab-4ba3-ba11-7f080736d6b6', '1e7e6287-807a-426b-b08e-3081f8d99940', 'f3ef37a5-299a-4a80-87d2-949c55d6fbea', 'hello elvis', NULL, NULL, false, '2025-06-15 14:47:42.918006+00', '2025-06-15 14:47:42.918006+00'),
	('61d60d63-ff81-4ae9-ad26-d6b0e6103201', '1e7e6287-807a-426b-b08e-3081f8d99940', 'f3ef37a5-299a-4a80-87d2-949c55d6fbea', 'ASL_Sad.png', 'https://bqzbddrrnohiymbauslp.supabase.co/storage/v1/object/public/chat_attachments/f3ef37a5-299a-4a80-87d2-949c55d6fbea/1749998873343.png', NULL, false, '2025-06-15 14:47:54.055797+00', '2025-06-15 14:47:54.055797+00'),
	('de727cf9-8405-4061-a900-a3ed5240b28e', '1e7e6287-807a-426b-b08e-3081f8d99940', 'f3ef37a5-299a-4a80-87d2-949c55d6fbea', 'Hello', NULL, NULL, false, '2025-06-17 06:50:54.053522+00', '2025-06-17 06:50:54.053522+00'),
	('73b8b0b7-7f1e-43a3-a39c-fad970331ad5', '1e7e6287-807a-426b-b08e-3081f8d99940', 'f3ef37a5-299a-4a80-87d2-949c55d6fbea', 'hello', NULL, NULL, false, '2025-06-17 06:51:17.051724+00', '2025-06-17 06:51:17.051724+00'),
	('e3113d86-35f5-438a-a218-e7601b04be15', 'ccc4c4d5-f6cc-4411-b27d-2913e174e235', 'f3ef37a5-299a-4a80-87d2-949c55d6fbea', 'hello', NULL, NULL, false, '2025-06-17 06:51:44.384355+00', '2025-06-17 06:51:44.384355+00'),
	('6c3b4edc-e11f-4ac6-8523-79c15355b08d', 'bbd59845-6e4c-49b5-874b-adc68a87af11', 'f3ef37a5-299a-4a80-87d2-949c55d6fbea', 'testt', NULL, NULL, false, '2025-06-17 06:52:21.04635+00', '2025-06-17 06:52:21.04635+00'),
	('a7fbab99-f357-44a3-8d6a-055317d9975d', 'bbd59845-6e4c-49b5-874b-adc68a87af11', 'f3ef37a5-299a-4a80-87d2-949c55d6fbea', 'abcdef', NULL, NULL, false, '2025-06-17 06:54:32.074853+00', '2025-06-17 06:54:32.074853+00'),
	('d91cb1e7-5448-46f9-82e7-750f3d1d4f93', '1e7e6287-807a-426b-b08e-3081f8d99940', 'f3ef37a5-299a-4a80-87d2-949c55d6fbea', 'qwertyuiop', NULL, NULL, false, '2025-06-17 06:55:11.102524+00', '2025-06-17 06:55:11.102524+00'),
	('961a9f77-5b1c-4192-913b-4f79ee61abc4', '1e7e6287-807a-426b-b08e-3081f8d99940', '36deaa22-fb96-4124-a7d2-10293abb382b', 'efwe', NULL, NULL, false, '2025-06-17 06:56:36.374547+00', '2025-06-17 06:56:36.374547+00'),
	('5a486a82-404f-4eb4-bae3-fef506abe6d1', '1e7e6287-807a-426b-b08e-3081f8d99940', '36deaa22-fb96-4124-a7d2-10293abb382b', 'hi', NULL, NULL, false, '2025-06-17 08:39:57.140123+00', '2025-06-17 08:39:57.140123+00'),
	('7604032a-edf1-4e70-a434-062a11ac6aed', '1e7e6287-807a-426b-b08e-3081f8d99940', 'f3ef37a5-299a-4a80-87d2-949c55d6fbea', 'AAAAAAAAA', NULL, NULL, false, '2025-06-17 08:40:01.659981+00', '2025-06-17 08:40:01.659981+00'),
	('a2bf3f82-7c06-4a3e-bc4a-978c71d49279', '1e7e6287-807a-426b-b08e-3081f8d99940', 'f3ef37a5-299a-4a80-87d2-949c55d6fbea', '1.jpg', 'https://bqzbddrrnohiymbauslp.supabase.co/storage/v1/object/public/chat_attachments/f3ef37a5-299a-4a80-87d2-949c55d6fbea/1750149605599.jpg', NULL, false, '2025-06-17 08:40:06.919361+00', '2025-06-17 08:40:06.919361+00'),
	('478fd769-e0f9-4be1-99b2-dfa85e3d2ef0', '1e7e6287-807a-426b-b08e-3081f8d99940', '36deaa22-fb96-4124-a7d2-10293abb382b', 'tHANK YOU', NULL, NULL, false, '2025-06-17 08:40:12.75166+00', '2025-06-17 08:40:12.75166+00'),
	('96a4f032-3f02-43bb-aeab-3c67f55557fd', '1e7e6287-807a-426b-b08e-3081f8d99940', '36deaa22-fb96-4124-a7d2-10293abb382b', 'hELLO', NULL, NULL, false, '2025-06-17 08:41:03.814229+00', '2025-06-17 08:41:03.814229+00');


--
-- Data for Name: message_status; Type: TABLE DATA; Schema: public; Owner: postgres
--

INSERT INTO "public"."message_status" ("id", "message_id", "user_id", "is_read", "read_at") VALUES
	('16cd113b-814b-4491-b574-1952062169f3', '3929c68b-1c31-488f-85e2-9db0caef7410', '9ac7dc7b-c5b7-4248-a435-29f3c3e38702', true, '2025-06-14 16:44:37.678+00'),
	('d4389f39-40ed-4260-a672-7f1c1494183d', '3b410cf8-85c3-4514-a7c2-77bf8ebdd792', '9ac7dc7b-c5b7-4248-a435-29f3c3e38702', true, '2025-06-14 16:44:37.678+00'),
	('c8ef14b4-9adb-4ae2-9e5d-ce85f94bc834', 'a84739b3-62ae-43b8-814f-9e2a53f96285', '9ac7dc7b-c5b7-4248-a435-29f3c3e38702', true, '2025-06-14 16:44:37.678+00'),
	('fce5e779-ed00-4c4e-b79d-fd26fc0c01c7', 'd09c3182-43e6-4c15-9395-6b0f3b8bb095', '9ac7dc7b-c5b7-4248-a435-29f3c3e38702', true, '2025-06-14 16:44:37.678+00'),
	('74014250-2938-43cc-8ff1-d9d3cafedfab', '8820e2e7-03c3-451d-b219-23e4ec214d9b', '9ac7dc7b-c5b7-4248-a435-29f3c3e38702', true, '2025-06-14 16:44:37.678+00'),
	('23803f3b-fd7b-4c65-94a8-2ea1e9a4d94f', '8853bb76-9a45-4d99-92c7-8a5d2fab2b0d', '9ac7dc7b-c5b7-4248-a435-29f3c3e38702', true, '2025-06-14 16:44:37.678+00'),
	('63844ee3-1f3b-48ba-b04d-fcf06c032e64', '7798204a-0988-4bb2-b9f4-e2fcf85fe67b', '9ac7dc7b-c5b7-4248-a435-29f3c3e38702', true, '2025-06-14 16:44:37.678+00'),
	('28ef02b3-0017-47f4-8ceb-3d6c08ba5b45', '466c6a40-bbec-4dcb-95e0-af7a0e17e7f5', 'f3ef37a5-299a-4a80-87d2-949c55d6fbea', true, '2025-06-17 06:55:03.158+00'),
	('0f9cb03c-ebf1-4aed-9d7e-48398ad1afe7', 'f72af34b-7184-4a75-8b67-031afeeb5ef3', 'f3ef37a5-299a-4a80-87d2-949c55d6fbea', true, '2025-06-17 06:55:03.158+00'),
	('a1351d94-a35c-4c9b-ac1c-e32ff190f3d8', '238fb372-c166-4643-8c4a-af28e411f0af', 'f3ef37a5-299a-4a80-87d2-949c55d6fbea', true, '2025-06-17 06:55:03.158+00'),
	('8788d65b-ba5b-4675-acb5-36450ef477f1', '6a017745-905e-4e42-895d-f5a729f11a36', 'f3ef37a5-299a-4a80-87d2-949c55d6fbea', true, '2025-06-17 06:55:03.158+00'),
	('38ba6db6-cacf-472d-8b67-16c2d300cbad', '50cb8e1e-51c8-496f-b13b-f9ccb2a50319', 'f3ef37a5-299a-4a80-87d2-949c55d6fbea', true, '2025-06-17 06:55:03.158+00'),
	('3805871a-1699-4e46-9ed1-02961214c49e', '2be00998-295f-4a89-a8fe-8ec54d33fde8', 'f3ef37a5-299a-4a80-87d2-949c55d6fbea', true, '2025-06-17 06:55:03.158+00'),
	('1aec120b-1cd7-4da3-a033-c8098d02091f', 'bb8b602b-2b53-43e5-9bac-1fe343a6b677', '9ac7dc7b-c5b7-4248-a435-29f3c3e38702', true, '2025-07-01 09:46:53.924+00'),
	('08dd231d-15ec-40d0-b936-d75ce643e35c', 'c03ea1bc-a95c-45cd-825d-c4eaf75692f8', '9ac7dc7b-c5b7-4248-a435-29f3c3e38702', true, '2025-07-01 09:46:53.924+00'),
	('fb3c1ad4-9b99-4cd8-8185-75a8a6d153b3', '79a5c378-6c95-492b-a4c0-82fb9bc7f4fc', '36deaa22-fb96-4124-a7d2-10293abb382b', true, '2025-06-14 16:54:25.419+00'),
	('fbbb6157-b745-41fb-83b8-ad6da76248c1', '5c8b1c79-5b50-4c9a-b85e-698bd75fa852', '9ac7dc7b-c5b7-4248-a435-29f3c3e38702', true, '2025-07-01 09:46:53.924+00'),
	('cba83a21-383a-4766-9cf6-d8c04142594f', 'c8508c82-192f-4478-815a-257f9a89997b', '36deaa22-fb96-4124-a7d2-10293abb382b', true, '2025-06-14 16:54:25.419+00'),
	('a3cc2adf-1150-400c-9e92-c0c3e41b79c9', 'f407790c-38d0-4829-a48a-bf4af46f9c81', '36deaa22-fb96-4124-a7d2-10293abb382b', true, '2025-06-14 16:54:25.419+00'),
	('121d24de-3f6d-4c1e-81f4-1d6f2e84f51d', '82385d94-dd28-42d4-af96-1dd85a66a234', '36deaa22-fb96-4124-a7d2-10293abb382b', true, '2025-06-14 16:54:27.02+00'),
	('846827cd-8d5f-4e76-a8ee-cec679c65228', '9d0fa626-05e9-4cf8-975d-c2f722752836', '36deaa22-fb96-4124-a7d2-10293abb382b', true, '2025-06-14 16:54:27.02+00'),
	('cc5d7dac-0ef0-46f8-9514-47e18d2d8ded', 'ba454647-db02-4245-84d5-54c0d82bbff5', 'f3ef37a5-299a-4a80-87d2-949c55d6fbea', true, '2025-06-17 06:51:33.856+00'),
	('fb326f4f-1661-4e4c-80cc-86a8de22fa2b', '09abbc9a-22de-4d18-833b-d71f93e48766', 'f3ef37a5-299a-4a80-87d2-949c55d6fbea', true, '2025-06-17 06:51:33.856+00'),
	('04d141de-f9ad-4ecf-955d-47f9c7ea6f28', '05832c78-33c3-439a-9d4f-87ba5b100f4d', 'f3ef37a5-299a-4a80-87d2-949c55d6fbea', true, '2025-06-17 06:51:33.856+00'),
	('39987a99-800a-44ff-8201-b1b1c9c0791e', 'ae1111b9-465b-48e2-b66b-d93eba67d704', 'f3ef37a5-299a-4a80-87d2-949c55d6fbea', true, '2025-06-17 06:51:33.856+00'),
	('15d49f89-30bb-4eb8-b263-ea17e5d27036', '61d97f5e-e4de-43c4-accf-26befabbfab0', 'f3ef37a5-299a-4a80-87d2-949c55d6fbea', true, '2025-06-17 06:51:33.856+00'),
	('b51e8177-a4f6-439d-819d-043d556b2810', '7992897a-e392-4f7c-b3d1-0820377128ae', 'f3ef37a5-299a-4a80-87d2-949c55d6fbea', true, '2025-06-17 06:51:33.856+00'),
	('54214c96-a54f-47e0-9b61-d1535d8ad544', '5949c408-2293-42ee-b537-18fe6cc4f692', 'f3ef37a5-299a-4a80-87d2-949c55d6fbea', true, '2025-06-17 06:51:33.856+00'),
	('aeeb5a11-f137-4cda-b931-152911f7d47f', 'f25285be-c346-4680-a385-b447176e9aac', 'f3ef37a5-299a-4a80-87d2-949c55d6fbea', true, '2025-06-17 06:51:33.856+00'),
	('655604f2-0b38-440e-8a6a-c3125b4aab2f', 'f008ade5-bb24-4ae5-8394-562d7edb289d', 'f3ef37a5-299a-4a80-87d2-949c55d6fbea', true, '2025-06-17 06:51:33.856+00'),
	('b7dd6f86-67b2-4435-b909-9abd3f45a232', '082db573-07c5-40e7-8dd1-cc485b59cc36', 'f3ef37a5-299a-4a80-87d2-949c55d6fbea', true, '2025-06-17 06:51:33.856+00'),
	('829718b4-c00e-43ac-97fa-8ae7ec42ecbb', 'a341d0bb-5304-4832-b1fb-3eb10bb1773b', 'f3ef37a5-299a-4a80-87d2-949c55d6fbea', true, '2025-06-17 06:51:33.856+00');


--
-- Data for Name: proficiency_tests; Type: TABLE DATA; Schema: public; Owner: postgres
--

INSERT INTO "public"."proficiency_tests" ("id", "title", "description", "created_at", "updated_at") VALUES
	('ad0cc7e7-d592-468d-9de7-654f39b73889', 'American Sign Language Proficiency Test', 'A test to assess your proficiency in American Sign Language.', '2025-06-15 05:18:26.959664+00', '2025-06-15 05:18:26.959664+00'),
	('b3d7a109-2415-474d-80c6-306b30341a23', 'Malaysian Sign Language Proficiency Test', 'A test to assess your proficiency in Malaysian Sign Language (Bahasa Isyarat Malaysia).', '2025-06-15 05:18:26.959664+00', '2025-06-15 05:18:26.959664+00');


--
-- Data for Name: proficiency_test_attempts; Type: TABLE DATA; Schema: public; Owner: postgres
--

INSERT INTO "public"."proficiency_test_attempts" ("id", "user_id", "test_id", "score", "completed_at", "created_at") VALUES
	('8fc3dcac-c3bf-423b-974a-680142201dc2', '608a33e2-d7f4-4773-bf4a-fa0bfbb9bab2', 'ad0cc7e7-d592-468d-9de7-654f39b73889', NULL, NULL, '2025-06-15 05:19:48.965106+00'),
	('657d7b9e-8b20-43ac-ba50-47d6c5e13a62', '608a33e2-d7f4-4773-bf4a-fa0bfbb9bab2', 'ad0cc7e7-d592-468d-9de7-654f39b73889', 60, '2025-06-15 05:20:17.868+00', '2025-06-15 05:19:49.007309+00'),
	('72ed3a43-77ef-40df-b307-82e723def718', '36deaa22-fb96-4124-a7d2-10293abb382b', 'b3d7a109-2415-474d-80c6-306b30341a23', NULL, NULL, '2025-06-15 05:28:05.614194+00'),
	('8f1725a0-7742-4743-a589-ed8c2fd2232a', '36deaa22-fb96-4124-a7d2-10293abb382b', 'b3d7a109-2415-474d-80c6-306b30341a23', NULL, NULL, '2025-06-15 05:28:05.805493+00'),
	('b407bbcc-213a-48f9-9125-25717b37c556', '36deaa22-fb96-4124-a7d2-10293abb382b', 'b3d7a109-2415-474d-80c6-306b30341a23', NULL, NULL, '2025-06-15 05:29:11.100318+00'),
	('6c2c1b27-3a5a-4c94-8ffb-e9c4528d28c9', '36deaa22-fb96-4124-a7d2-10293abb382b', 'b3d7a109-2415-474d-80c6-306b30341a23', NULL, NULL, '2025-06-15 05:31:08.464806+00'),
	('b8d84ae4-a794-4e01-a278-e2c2bca6e945', '36deaa22-fb96-4124-a7d2-10293abb382b', 'b3d7a109-2415-474d-80c6-306b30341a23', NULL, NULL, '2025-06-15 05:31:08.517018+00'),
	('220b0dc4-4969-4886-a242-7a98125bac46', '36deaa22-fb96-4124-a7d2-10293abb382b', 'b3d7a109-2415-474d-80c6-306b30341a23', NULL, NULL, '2025-06-15 05:39:36.278725+00'),
	('08c3f6d6-1a88-4281-88dd-148ddfe88ee2', '36deaa22-fb96-4124-a7d2-10293abb382b', 'b3d7a109-2415-474d-80c6-306b30341a23', NULL, NULL, '2025-06-15 05:39:36.338833+00'),
	('cdc1aa5d-4f09-4524-ad40-01ea01b0662b', '36deaa22-fb96-4124-a7d2-10293abb382b', 'b3d7a109-2415-474d-80c6-306b30341a23', NULL, NULL, '2025-06-15 05:40:02.271808+00'),
	('09c22cd7-1dc9-4b78-9a5a-bd557d524344', '36deaa22-fb96-4124-a7d2-10293abb382b', 'b3d7a109-2415-474d-80c6-306b30341a23', 60, '2025-06-15 05:40:16.906+00', '2025-06-15 05:40:02.329384+00'),
	('87cc218f-2d1e-4a95-acec-793d40740f9c', '586d8cb9-ba19-459b-8e12-bc0c4ca9ba3a', 'ad0cc7e7-d592-468d-9de7-654f39b73889', NULL, NULL, '2025-06-15 15:38:18.241525+00'),
	('f7610d3b-cb26-4496-870a-bb2c68392831', '586d8cb9-ba19-459b-8e12-bc0c4ca9ba3a', 'ad0cc7e7-d592-468d-9de7-654f39b73889', 100, '2025-06-15 15:38:43.372+00', '2025-06-15 15:38:18.3162+00'),
	('bd80f209-f3a2-44ad-95e0-98be197ed19d', 'f3ef37a5-299a-4a80-87d2-949c55d6fbea', 'ad0cc7e7-d592-468d-9de7-654f39b73889', NULL, NULL, '2025-06-17 03:16:07.742891+00'),
	('567519fb-5717-46a7-b55c-f0aa288a4ef6', 'f3ef37a5-299a-4a80-87d2-949c55d6fbea', 'ad0cc7e7-d592-468d-9de7-654f39b73889', 60, '2025-06-17 03:16:46.127+00', '2025-06-17 03:16:07.791011+00'),
	('1cdeee97-f641-4953-aa59-08fb1d65ca63', '3cf3d1ab-7fe8-4fef-81d9-084d7c3ad182', 'ad0cc7e7-d592-468d-9de7-654f39b73889', NULL, NULL, '2025-07-01 10:14:28.734782+00'),
	('48113e38-6052-4ee2-8523-a488c443ae0a', '3cf3d1ab-7fe8-4fef-81d9-084d7c3ad182', 'ad0cc7e7-d592-468d-9de7-654f39b73889', 80, '2025-07-01 10:14:46.081+00', '2025-07-01 10:14:28.72993+00');


--
-- Data for Name: proficiency_test_questions; Type: TABLE DATA; Schema: public; Owner: postgres
--

INSERT INTO "public"."proficiency_test_questions" ("id", "test_id", "question_text", "order_index", "created_at") VALUES
	('91ae6424-474d-47de-8733-5d495143a347', 'ad0cc7e7-d592-468d-9de7-654f39b73889', 'The general sign for "time" in ASL involves tapping:', 5, '2025-06-15 05:18:26.959664+00'),
	('294d7816-e589-4080-83de-afda55668e44', 'ad0cc7e7-d592-468d-9de7-654f39b73889', 'Which of these is a common way to ask a "WH-" question (Who, What, Where, etc.) in ASL?', 4, '2025-06-15 05:18:26.959664+00'),
	('f1fe0d6b-f072-40f7-990a-46bf175dc264', 'ad0cc7e7-d592-468d-9de7-654f39b73889', 'Facial expressions in ASL are primarily used for:', 3, '2025-06-15 05:18:26.959664+00'),
	('be2cb138-7a20-4625-93fe-1f340d612ca3', 'ad0cc7e7-d592-468d-9de7-654f39b73889', 'The sign for "I love you" in ASL combines the signs for which letters?', 2, '2025-06-15 05:18:26.959664+00'),
	('7097c514-cfc3-426f-9edf-ad8b0586a8c1', 'ad0cc7e7-d592-468d-9de7-654f39b73889', 'What is the handshape for the letter ''A'' in ASL?', 1, '2025-06-15 05:18:26.959664+00'),
	('31035f44-5a43-4efc-ae0d-6be35758726f', 'b3d7a109-2415-474d-80c6-306b30341a23', 'How do you sign "Di mana?" (Where?) in BIM?', 5, '2025-06-15 05:18:26.959664+00'),
	('a75fffa4-ad78-492e-b024-a9e1dba558c5', 'b3d7a109-2415-474d-80c6-306b30341a23', 'The sign for "Maaf" (Sorry) in BIM involves:', 4, '2025-06-15 05:18:26.959664+00'),
	('efe286e0-eb60-408e-8f33-b75835bf637b', 'b3d7a109-2415-474d-80c6-306b30341a23', 'BIM is a complete and natural language with its own:', 3, '2025-06-15 05:18:26.959664+00'),
	('e0ce4ef3-d219-47ec-af8a-8daf75fb9493', 'b3d7a109-2415-474d-80c6-306b30341a23', 'In BIM, the sign for "Saya" (I/Me) is typically made by:', 2, '2025-06-15 05:18:26.959664+00'),
	('64f5a22a-8c5e-4a7e-9597-e516990a32c1', 'b3d7a109-2415-474d-80c6-306b30341a23', 'What is the sign for "Terima Kasih" (Thank You) in BIM?', 1, '2025-06-15 05:18:26.959664+00');


--
-- Data for Name: proficiency_test_question_choices; Type: TABLE DATA; Schema: public; Owner: postgres
--

INSERT INTO "public"."proficiency_test_question_choices" ("id", "question_id", "choice_text", "is_correct", "created_at") VALUES
	('678ab9ac-36a2-47d8-b485-638215b86d4b', '91ae6424-474d-47de-8733-5d495143a347', 'The wrist', true, '2025-06-15 05:18:26.959664+00'),
	('8dac552a-e54e-48ff-9d0e-91884ee2414e', '91ae6424-474d-47de-8733-5d495143a347', 'The forehead', false, '2025-06-15 05:18:26.959664+00'),
	('647b317e-34eb-4462-a17d-fd01ef19b349', '91ae6424-474d-47de-8733-5d495143a347', 'The chin', false, '2025-06-15 05:18:26.959664+00'),
	('90e86f88-07e0-41a7-a2b6-45ecfec44999', '91ae6424-474d-47de-8733-5d495143a347', 'The shoulder', false, '2025-06-15 05:18:26.959664+00'),
	('dc47d65f-32cf-4170-8c20-93c136be874f', '294d7816-e589-4080-83de-afda55668e44', 'Furrowed eyebrows and a slight head tilt.', true, '2025-06-15 05:18:26.959664+00'),
	('f1b0eb6d-30c5-41ad-9973-7dce149fc83d', '294d7816-e589-4080-83de-afda55668e44', 'Raised eyebrows.', false, '2025-06-15 05:18:26.959664+00'),
	('29590805-2f50-412e-a2c8-9691d9b7985d', '294d7816-e589-4080-83de-afda55668e44', 'A flat facial expression.', false, '2025-06-15 05:18:26.959664+00'),
	('fa038c8f-31dd-40ba-904c-3d5500925c96', '294d7816-e589-4080-83de-afda55668e44', 'Smiling widely.', false, '2025-06-15 05:18:26.959664+00'),
	('fe4811c7-7d73-420f-9963-2d1712617bfc', 'f1fe0d6b-f072-40f7-990a-46bf175dc264', 'Grammar and tone', true, '2025-06-15 05:18:26.959664+00'),
	('3556cac2-0b14-4516-abed-9aabf7b56b9d', 'f1fe0d6b-f072-40f7-990a-46bf175dc264', 'Showing emotion only', false, '2025-06-15 05:18:26.959664+00'),
	('4aa065b9-a8ba-4fdf-b851-d29aa4cc2034', 'f1fe0d6b-f072-40f7-990a-46bf175dc264', 'Indicating a question only', false, '2025-06-15 05:18:26.959664+00'),
	('930b44ce-49d4-4807-97c1-0a9cc1c72c78', 'f1fe0d6b-f072-40f7-990a-46bf175dc264', 'They are not important', false, '2025-06-15 05:18:26.959664+00'),
	('7c1dcbcd-bb3a-46d5-8c63-c3a07072e6bd', 'be2cb138-7a20-4625-93fe-1f340d612ca3', 'I, L, Y', true, '2025-06-15 05:18:26.959664+00'),
	('1f5bc7c5-3c95-436f-8d32-b9baa5b01761', 'be2cb138-7a20-4625-93fe-1f340d612ca3', 'I, L, U', false, '2025-06-15 05:18:26.959664+00'),
	('f210abc8-b719-4624-a5c5-9c55a918d75f', 'be2cb138-7a20-4625-93fe-1f340d612ca3', 'A, M, Y', false, '2025-06-15 05:18:26.959664+00'),
	('d3589885-9809-4d46-8316-b548ef3060c1', 'be2cb138-7a20-4625-93fe-1f340d612ca3', 'L, V, U', false, '2025-06-15 05:18:26.959664+00'),
	('44bf4042-a172-42f7-9df1-00e75acf7faa', '7097c514-cfc3-426f-9edf-ad8b0586a8c1', 'A closed fist with the thumb on the side.', true, '2025-06-15 05:18:26.959664+00'),
	('d1a0888e-8504-4db1-bf4c-cb102593c945', '7097c514-cfc3-426f-9edf-ad8b0586a8c1', 'A flat hand.', false, '2025-06-15 05:18:26.959664+00'),
	('8631c066-ef5e-4bd0-a3a7-332a2abfeabf', '7097c514-cfc3-426f-9edf-ad8b0586a8c1', 'A fist with the thumb extended upwards.', false, '2025-06-15 05:18:26.959664+00'),
	('e69d911a-2d3f-47e3-9a33-e04fc441151b', '7097c514-cfc3-426f-9edf-ad8b0586a8c1', 'A fist with the index finger pointing up.', false, '2025-06-15 05:18:26.959664+00'),
	('4b9c1792-0992-4b65-8367-ece241118a7b', '31035f44-5a43-4efc-ae0d-6be35758726f', 'Shaking an index finger side-to-side with a questioning look.', true, '2025-06-15 05:18:26.959664+00'),
	('84085e63-1364-4105-8773-f2b0197fb8d4', '31035f44-5a43-4efc-ae0d-6be35758726f', 'Pointing to the ground.', false, '2025-06-15 05:18:26.959664+00'),
	('45463cb6-a3e0-419d-82c2-0cafb587230d', '31035f44-5a43-4efc-ae0d-6be35758726f', 'Making a circle with both hands.', false, '2025-06-15 05:18:26.959664+00'),
	('9e89b3f4-c30d-442a-a269-3d55376bc06f', '31035f44-5a43-4efc-ae0d-6be35758726f', 'Tapping the nose.', false, '2025-06-15 05:18:26.959664+00'),
	('6b03fa65-730a-400e-86cb-44796957d4b5', 'a75fffa4-ad78-492e-b024-a9e1dba558c5', 'A closed fist rubbing the chest in a circular motion.', true, '2025-06-15 05:18:26.959664+00'),
	('c6e7b86a-54f1-429b-bd2c-d752a87a4412', 'a75fffa4-ad78-492e-b024-a9e1dba558c5', 'Tapping the chin.', false, '2025-06-15 05:18:26.959664+00'),
	('0dbda50c-2332-47a3-b32c-cc4b793ff6a1', 'a75fffa4-ad78-492e-b024-a9e1dba558c5', 'Waving both hands.', false, '2025-06-15 05:18:26.959664+00'),
	('6e83a148-1868-4006-b2e8-13894280d888', 'a75fffa4-ad78-492e-b024-a9e1dba558c5', 'Clapping hands once.', false, '2025-06-15 05:18:26.959664+00'),
	('769ffc8b-d0b2-4b5e-b928-3b2d18849d58', 'efe286e0-eb60-408e-8f33-b75835bf637b', 'Grammar, syntax, and vocabulary', true, '2025-06-15 05:18:26.959664+00'),
	('bf331a4f-9943-4830-b5c5-9b9b3cc19f0d', 'efe286e0-eb60-408e-8f33-b75835bf637b', 'Alphabet only', false, '2025-06-15 05:18:26.959664+00'),
	('86c0fd2e-c214-4c5b-b24c-44ec64389a32', 'efe286e0-eb60-408e-8f33-b75835bf637b', 'Gestures borrowed from other languages', false, '2025-06-15 05:18:26.959664+00'),
	('6790aa0e-fb64-4f10-b596-b31dff3e9830', 'efe286e0-eb60-408e-8f33-b75835bf637b', 'Set of pictures', false, '2025-06-15 05:18:26.959664+00'),
	('5aaef996-4540-43ca-81db-f1ccb79b7c56', 'e0ce4ef3-d219-47ec-af8a-8daf75fb9493', 'Pointing the index finger to the chest.', true, '2025-06-15 05:18:26.959664+00'),
	('5b58e5a3-49cd-4941-9b76-5ade0c4a1723', 'e0ce4ef3-d219-47ec-af8a-8daf75fb9493', 'Tapping the forehead.', false, '2025-06-15 05:18:26.959664+00'),
	('b4ecc7e7-fb4e-49e6-b544-377054832ef9', 'e0ce4ef3-d219-47ec-af8a-8daf75fb9493', 'Placing a fist on the hip.', false, '2025-06-15 05:18:26.959664+00'),
	('63a68db3-0fc9-4f3c-b78d-0bcd4fdbff5d', 'e0ce4ef3-d219-47ec-af8a-8daf75fb9493', 'Pointing the thumb to the chest.', false, '2025-06-15 05:18:26.959664+00'),
	('5467e61e-f964-4232-83ac-31230c543d53', '64f5a22a-8c5e-4a7e-9597-e516990a32c1', 'Touching the chin with the fingertips of a flat hand and moving it forward.', true, '2025-06-15 05:18:26.959664+00'),
	('2f2e1a7e-e013-4996-b0d9-317eae096b72', '64f5a22a-8c5e-4a7e-9597-e516990a32c1', 'Tapping the chest twice.', false, '2025-06-15 05:18:26.959664+00'),
	('2eefa373-154f-47a0-afdc-6ec91fc54f5d', '64f5a22a-8c5e-4a7e-9597-e516990a32c1', 'Waving a flat hand.', false, '2025-06-15 05:18:26.959664+00'),
	('a2dbe036-867f-4fcf-be41-999db2f89486', '64f5a22a-8c5e-4a7e-9597-e516990a32c1', 'Making a circular motion with the index finger on the cheek.', false, '2025-06-15 05:18:26.959664+00');


--
-- Data for Name: proficiency_test_attempt_answers; Type: TABLE DATA; Schema: public; Owner: postgres
--

INSERT INTO "public"."proficiency_test_attempt_answers" ("id", "attempt_id", "question_id", "choice_id", "is_correct", "created_at") VALUES
	('abd264ff-ecaf-4c56-8206-ab37863f4af6', '657d7b9e-8b20-43ac-ba50-47d6c5e13a62', '91ae6424-474d-47de-8733-5d495143a347', '678ab9ac-36a2-47d8-b485-638215b86d4b', true, '2025-06-15 05:20:15.817955+00'),
	('d3c3329c-3c00-4c37-b1a1-35b9aa7bcb85', '657d7b9e-8b20-43ac-ba50-47d6c5e13a62', '294d7816-e589-4080-83de-afda55668e44', 'fa038c8f-31dd-40ba-904c-3d5500925c96', false, '2025-06-15 05:20:16.064823+00'),
	('5ff93065-ff23-4b81-ac30-b1dfc1633246', '657d7b9e-8b20-43ac-ba50-47d6c5e13a62', 'f1fe0d6b-f072-40f7-990a-46bf175dc264', '3556cac2-0b14-4516-abed-9aabf7b56b9d', false, '2025-06-15 05:20:16.445575+00'),
	('33493fda-13b9-4122-aef1-04a7a081e29b', '657d7b9e-8b20-43ac-ba50-47d6c5e13a62', 'be2cb138-7a20-4625-93fe-1f340d612ca3', '7c1dcbcd-bb3a-46d5-8c63-c3a07072e6bd', true, '2025-06-15 05:20:16.847499+00'),
	('7a3e781c-668e-4247-a3c0-25e5881ee87c', '657d7b9e-8b20-43ac-ba50-47d6c5e13a62', '7097c514-cfc3-426f-9edf-ad8b0586a8c1', '44bf4042-a172-42f7-9df1-00e75acf7faa', true, '2025-06-15 05:20:17.092599+00'),
	('2c5b519b-2e7c-4958-8b95-84d422ed8971', '09c22cd7-1dc9-4b78-9a5a-bd557d524344', '31035f44-5a43-4efc-ae0d-6be35758726f', '4b9c1792-0992-4b65-8367-ece241118a7b', true, '2025-06-15 05:40:15.52543+00'),
	('ade0930e-7fd7-4340-a61b-8785d09c516d', '09c22cd7-1dc9-4b78-9a5a-bd557d524344', 'a75fffa4-ad78-492e-b024-a9e1dba558c5', 'c6e7b86a-54f1-429b-bd2c-d752a87a4412', false, '2025-06-15 05:40:15.790017+00'),
	('0963bba0-ae31-494a-800c-9ba8147d3e5a', '09c22cd7-1dc9-4b78-9a5a-bd557d524344', 'efe286e0-eb60-408e-8f33-b75835bf637b', '86c0fd2e-c214-4c5b-b24c-44ec64389a32', false, '2025-06-15 05:40:16.019806+00'),
	('b9a96a23-4893-43d8-b437-cee59e3a0498', '09c22cd7-1dc9-4b78-9a5a-bd557d524344', 'e0ce4ef3-d219-47ec-af8a-8daf75fb9493', '5aaef996-4540-43ca-81db-f1ccb79b7c56', true, '2025-06-15 05:40:16.175467+00'),
	('7f2c2134-48f9-477d-acff-7a29e402ed95', '09c22cd7-1dc9-4b78-9a5a-bd557d524344', '64f5a22a-8c5e-4a7e-9597-e516990a32c1', '5467e61e-f964-4232-83ac-31230c543d53', true, '2025-06-15 05:40:16.450777+00'),
	('6809a2b5-b082-4e8b-85d2-5f6a2dca47a4', 'f7610d3b-cb26-4496-870a-bb2c68392831', '91ae6424-474d-47de-8733-5d495143a347', '678ab9ac-36a2-47d8-b485-638215b86d4b', true, '2025-06-15 15:38:42.638692+00'),
	('30354832-fd99-4652-8883-9d8677414eb3', 'f7610d3b-cb26-4496-870a-bb2c68392831', '294d7816-e589-4080-83de-afda55668e44', 'dc47d65f-32cf-4170-8c20-93c136be874f', true, '2025-06-15 15:38:42.817684+00'),
	('a534ba9a-3ad4-4cbe-be06-be36a5232bdb', 'f7610d3b-cb26-4496-870a-bb2c68392831', 'f1fe0d6b-f072-40f7-990a-46bf175dc264', 'fe4811c7-7d73-420f-9963-2d1712617bfc', true, '2025-06-15 15:38:43.033506+00'),
	('8c1c75d5-1580-4c44-804a-d0913b1bd645', 'f7610d3b-cb26-4496-870a-bb2c68392831', 'be2cb138-7a20-4625-93fe-1f340d612ca3', '7c1dcbcd-bb3a-46d5-8c63-c3a07072e6bd', true, '2025-06-15 15:38:43.204054+00'),
	('2c6fdeed-f12a-4e98-a93d-c62fadf80a11', 'f7610d3b-cb26-4496-870a-bb2c68392831', '7097c514-cfc3-426f-9edf-ad8b0586a8c1', '44bf4042-a172-42f7-9df1-00e75acf7faa', true, '2025-06-15 15:38:43.383447+00'),
	('9c6b8d35-e73d-48dc-b93c-f2fa801b2275', '567519fb-5717-46a7-b55c-f0aa288a4ef6', '91ae6424-474d-47de-8733-5d495143a347', '678ab9ac-36a2-47d8-b485-638215b86d4b', true, '2025-06-17 03:16:45.406026+00'),
	('35729443-56b0-4879-a7a6-c4dc5f66da7c', '567519fb-5717-46a7-b55c-f0aa288a4ef6', '294d7816-e589-4080-83de-afda55668e44', 'fa038c8f-31dd-40ba-904c-3d5500925c96', false, '2025-06-17 03:16:45.646934+00'),
	('e1ae318a-a1dd-4178-b93c-a646da4b8781', '567519fb-5717-46a7-b55c-f0aa288a4ef6', 'f1fe0d6b-f072-40f7-990a-46bf175dc264', 'fe4811c7-7d73-420f-9963-2d1712617bfc', true, '2025-06-17 03:16:45.875504+00'),
	('9e5f9e72-2486-4354-982a-8882329bbdb1', '567519fb-5717-46a7-b55c-f0aa288a4ef6', 'be2cb138-7a20-4625-93fe-1f340d612ca3', '7c1dcbcd-bb3a-46d5-8c63-c3a07072e6bd', true, '2025-06-17 03:16:46.119425+00'),
	('a4a8366d-a23c-4643-a711-c8561779f2d2', '567519fb-5717-46a7-b55c-f0aa288a4ef6', '7097c514-cfc3-426f-9edf-ad8b0586a8c1', 'd1a0888e-8504-4db1-bf4c-cb102593c945', false, '2025-06-17 03:16:46.366844+00'),
	('4897eb78-7b8d-4310-b96f-cad08afb4243', '48113e38-6052-4ee2-8523-a488c443ae0a', '91ae6424-474d-47de-8733-5d495143a347', '8dac552a-e54e-48ff-9d0e-91884ee2414e', false, '2025-07-01 10:14:44.423598+00'),
	('6ae456ab-2bdc-4455-8b83-39617e48fbe1', '48113e38-6052-4ee2-8523-a488c443ae0a', '294d7816-e589-4080-83de-afda55668e44', 'dc47d65f-32cf-4170-8c20-93c136be874f', true, '2025-07-01 10:14:44.678523+00'),
	('9e1182c1-9f60-42d6-be4d-abb8d7a82d2f', '48113e38-6052-4ee2-8523-a488c443ae0a', 'f1fe0d6b-f072-40f7-990a-46bf175dc264', 'fe4811c7-7d73-420f-9963-2d1712617bfc', true, '2025-07-01 10:14:44.89063+00'),
	('6b02c451-c0cc-4096-b2ca-37fd663b3a13', '48113e38-6052-4ee2-8523-a488c443ae0a', 'be2cb138-7a20-4625-93fe-1f340d612ca3', '7c1dcbcd-bb3a-46d5-8c63-c3a07072e6bd', true, '2025-07-01 10:14:45.327804+00'),
	('5bd4a59c-2e12-4001-b96d-7b64f3ada333', '48113e38-6052-4ee2-8523-a488c443ae0a', '7097c514-cfc3-426f-9edf-ad8b0586a8c1', '44bf4042-a172-42f7-9df1-00e75acf7faa', true, '2025-07-01 10:14:45.555379+00');


--
-- Data for Name: quiz_sets; Type: TABLE DATA; Schema: public; Owner: postgres
--

INSERT INTO "public"."quiz_sets" ("id", "title", "description", "language", "created_by", "created_at", "updated_at") VALUES
	('0aa54791-633f-4c96-96df-6b0aa24c8df9', 'MSL Basics Pt.1', 'part 1', 'MSL', '36deaa22-fb96-4124-a7d2-10293abb382b', '2025-06-11 13:46:14.44527+00', '2025-06-11 13:46:14.44527+00'),
	('ed440d38-3bc5-461c-814d-d25a4294d4e9', 'Quiz 1', 'ww', 'ASL', '36deaa22-fb96-4124-a7d2-10293abb382b', '2025-07-01 10:19:16.286564+00', '2025-07-01 10:19:16.286564+00');


--
-- Data for Name: quiz_progress; Type: TABLE DATA; Schema: public; Owner: postgres
--

INSERT INTO "public"."quiz_progress" ("id", "user_id", "quiz_set_id", "completed", "score", "total_questions", "last_attempted_at", "created_at", "updated_at") VALUES
	('37e663ff-2782-48d5-a0ce-5b75fec8dd57', '9ac7dc7b-c5b7-4248-a435-29f3c3e38702', '0aa54791-633f-4c96-96df-6b0aa24c8df9', false, 0, 1, '2025-06-15 07:55:33.554+00', '2025-06-15 07:55:33.939316+00', '2025-06-15 07:55:33.554+00'),
	('ea44acec-0eb2-4bdb-99a3-c91bc590a200', '586d8cb9-ba19-459b-8e12-bc0c4ca9ba3a', '0aa54791-633f-4c96-96df-6b0aa24c8df9', false, 0, 1, '2025-06-15 15:40:43.32+00', '2025-06-15 15:40:43.932582+00', '2025-06-15 15:40:43.32+00'),
	('e7fbf214-ae2a-4467-a9c0-0c3260206d56', 'f3ef37a5-299a-4a80-87d2-949c55d6fbea', '0aa54791-633f-4c96-96df-6b0aa24c8df9', false, 0, 1, '2025-06-17 03:18:14.772+00', '2025-06-17 03:18:15.564692+00', '2025-06-17 03:18:14.773+00');


--
-- Data for Name: quiz_questions; Type: TABLE DATA; Schema: public; Owner: postgres
--

INSERT INTO "public"."quiz_questions" ("id", "quiz_set_id", "question", "options", "correct_answer", "explanation", "video_url", "image_url", "order_index", "created_at") VALUES
	('5922dd86-037d-46cd-9e7b-4be72d318bce', '0aa54791-633f-4c96-96df-6b0aa24c8df9', 'What is this ', '["www", "wwwqqq", "wwqq", "asas"]', 'asas', 'sasa', NULL, NULL, 0, '2025-06-11 13:58:21.439284+00');


--
-- Data for Name: tutorials; Type: TABLE DATA; Schema: public; Owner: postgres
--

INSERT INTO "public"."tutorials" ("id", "title", "description", "thumbnail_url", "video_url", "level", "language", "created_by", "created_at", "updated_at") VALUES
	('1b1f6e4c-fa1f-4e02-8613-08ffe772481d', '20+ Basic Sign Language Phrases for Beginners | ASL', 'wwww', 'https://img.youtube.com/vi/v1desDduz5M/maxresdefault.jpg', 'https://www.youtube.com/watch?v=v1desDduz5M', 'beginner', 'ASL', '36deaa22-fb96-4124-a7d2-10293abb382b', '2025-06-12 05:21:44.442743+00', '2025-06-12 05:21:44.442743+00'),
	('ad7adbf7-12d3-4efb-8d86-1c542569f0b9', '25 ASL Signs You Need to Know | ASL Basics | American Sign Language for Beginners', 'ww', 'https://img.youtube.com/vi/0FcwzMq4iWg/maxresdefault.jpg', 'https://youtu.be/0FcwzMq4iWg?si=CUcEdgETInUdJj4y', 'beginner', 'ASL', '36deaa22-fb96-4124-a7d2-10293abb382b', '2025-06-12 07:30:37.112301+00', '2025-06-12 07:30:37.112301+00'),
	('5bf33c2a-263a-492b-9c45-8cb526637922', 'Learn 40 conversational words and phrases for beginners in American Sign Language ASL', '40', 'https://img.youtube.com/vi/RhQvlq-mZtA/maxresdefault.jpg', 'https://youtu.be/RhQvlq-mZtA?si=o7zWKIZsoZQ73Plt', 'beginner', 'ASL', '36deaa22-fb96-4124-a7d2-10293abb382b', '2025-06-12 07:31:16.569767+00', '2025-06-12 07:31:16.569767+00'),
	('d5f29c91-b3d8-4304-9f98-5ab1b4f105bd', 'Learn ASL Alphabet Video', 'b', 'https://img.youtube.com/vi/6_gXiBe9y9A/maxresdefault.jpg', 'https://youtu.be/6_gXiBe9y9A?si=9FYvxyMB2zTbO7h0', 'beginner', 'ASL', '36deaa22-fb96-4124-a7d2-10293abb382b', '2025-06-12 08:06:40.639135+00', '2025-06-12 08:06:40.639135+00'),
	('1edf42bc-9892-4943-bd13-c6249878b6a8', 'Intermediate ASL practice and review (Hannah) (L3u16p2a)-(alt)-(classifiers/depictive-signing, etc.)', 'Intermediate', 'https://img.youtube.com/vi/29zBpDvQRnc/maxresdefault.jpg', 'https://youtu.be/29zBpDvQRnc?si=nNPoJ6olXDlKM134', 'intermediate', 'ASL', '36deaa22-fb96-4124-a7d2-10293abb382b', '2025-06-12 14:30:02.90441+00', '2025-06-12 14:30:02.90441+00'),
	('9c390cb6-2629-4b16-94db-da068328b283', 'In 60 Seconds: Malaysian Sign Language for Beginners', 'MSL Begineer', 'https://img.youtube.com/vi/raCkaeSctt0/maxresdefault.jpg', 'https://youtu.be/raCkaeSctt0?si=gR2Nxk7MQjKDB0Db', 'beginner', 'MSL', '36deaa22-fb96-4124-a7d2-10293abb382b', '2025-06-12 14:46:56.68252+00', '2025-06-12 14:46:56.68252+00'),
	('8bedcc11-c16e-47d6-a281-937b860380c5', 'Bahasa isyarat Malaysia ( ASAS )', 'Bahasa isyarat Malaysia  asas', 'https://img.youtube.com/vi/oTugJEPbTbw/maxresdefault.jpg', 'https://youtu.be/oTugJEPbTbw?si=7J_hosyyVLbxr1Ze', 'beginner', 'MSL', '36deaa22-fb96-4124-a7d2-10293abb382b', '2025-06-12 15:37:43.993818+00', '2025-06-12 15:37:43.993818+00'),
	('95bce71e-b852-41f9-bfde-8caecb92c0f6', 'Perbualan Ringkas | Bahasa Isyarat Malaysia', 'Perbualan Ringkas | Bahasa Isyarat Malaysia', 'https://img.youtube.com/vi/49Rdia-vUJI/maxresdefault.jpg', 'https://youtu.be/49Rdia-vUJI?si=Hw4fxD-7f8LGDN2i', 'beginner', 'MSL', '36deaa22-fb96-4124-a7d2-10293abb382b', '2025-06-15 15:44:35.501783+00', '2025-06-15 15:44:35.501783+00');


--
-- Data for Name: tutorial_progress; Type: TABLE DATA; Schema: public; Owner: postgres
--

INSERT INTO "public"."tutorial_progress" ("id", "user_id", "tutorial_id", "last_watched_at", "created_at", "updated_at", "status") VALUES
	('dfad5234-a572-484a-9663-ffded9876fc3', '9ac7dc7b-c5b7-4248-a435-29f3c3e38702', '1b1f6e4c-fa1f-4e02-8613-08ffe772481d', '2025-06-12 07:28:50.179+00', '2025-06-12 07:25:10.516731+00', '2025-06-12 07:28:50.179+00', 'completed'),
	('990daf53-26bd-49b6-9711-89c9a96e8095', '9ac7dc7b-c5b7-4248-a435-29f3c3e38702', '5bf33c2a-263a-492b-9c45-8cb526637922', '2025-06-12 08:07:22.605+00', '2025-06-12 07:32:04.396646+00', '2025-06-12 08:07:22.605+00', 'completed'),
	('b7458d97-1e8e-4ba3-9ca5-2faabe22ecca', '9ac7dc7b-c5b7-4248-a435-29f3c3e38702', 'd5f29c91-b3d8-4304-9f98-5ab1b4f105bd', '2025-06-12 08:07:23.73+00', '2025-06-12 08:06:59.674758+00', '2025-06-12 08:07:23.73+00', 'completed'),
	('583ba533-b98c-43c1-92de-af131bed8d53', '9ac7dc7b-c5b7-4248-a435-29f3c3e38702', 'ad7adbf7-12d3-4efb-8d86-1c542569f0b9', '2025-06-12 08:07:24.939+00', '2025-06-12 07:32:25.293386+00', '2025-06-12 08:07:24.939+00', 'completed'),
	('97aeada0-f477-40c8-983e-03ddd209f693', '9ac7dc7b-c5b7-4248-a435-29f3c3e38702', '1edf42bc-9892-4943-bd13-c6249878b6a8', '2025-06-12 14:32:17.558+00', '2025-06-12 14:30:25.457529+00', '2025-06-12 14:32:17.558+00', 'completed'),
	('ae7d4418-a91d-400e-a659-3e2a5583881a', '9ac7dc7b-c5b7-4248-a435-29f3c3e38702', '9c390cb6-2629-4b16-94db-da068328b283', '2025-06-12 14:49:20.153+00', '2025-06-12 14:49:21.002125+00', '2025-06-12 14:49:21.002125+00', 'started'),
	('fea6f46a-852e-4a4b-b3e0-800b36fd8fdb', '608a33e2-d7f4-4773-bf4a-fa0bfbb9bab2', '1edf42bc-9892-4943-bd13-c6249878b6a8', '2025-06-12 16:52:51.082+00', '2025-06-12 16:52:52.149468+00', '2025-06-12 16:52:52.149468+00', 'started'),
	('ce4566aa-180e-4fd4-b238-a211e8081fa4', '608a33e2-d7f4-4773-bf4a-fa0bfbb9bab2', '5bf33c2a-263a-492b-9c45-8cb526637922', '2025-06-12 16:52:54.345+00', '2025-06-12 16:52:55.278431+00', '2025-06-12 16:52:55.278431+00', 'started'),
	('cc1575ce-5373-4187-b77f-82ff88bfa6da', '608a33e2-d7f4-4773-bf4a-fa0bfbb9bab2', 'ad7adbf7-12d3-4efb-8d86-1c542569f0b9', '2025-06-12 16:52:55.178+00', '2025-06-12 16:52:56.114676+00', '2025-06-12 16:52:56.114676+00', 'started'),
	('384eb880-c8e9-46bb-a125-0d353c70baae', '608a33e2-d7f4-4773-bf4a-fa0bfbb9bab2', '1b1f6e4c-fa1f-4e02-8613-08ffe772481d', '2025-06-12 16:52:57.145+00', '2025-06-12 16:52:58.073633+00', '2025-06-12 16:52:58.073633+00', 'started'),
	('8789d2cf-a340-4dd5-88f0-8c4bf4364ec9', '608a33e2-d7f4-4773-bf4a-fa0bfbb9bab2', 'd5f29c91-b3d8-4304-9f98-5ab1b4f105bd', '2025-06-12 16:53:05.252+00', '2025-06-12 16:52:53.947794+00', '2025-06-12 16:53:05.252+00', 'completed'),
	('5ef69d45-6bc1-4a50-b70f-99a1ee901d31', 'f3ef37a5-299a-4a80-87d2-949c55d6fbea', '1edf42bc-9892-4943-bd13-c6249878b6a8', '2025-06-14 15:23:26.251+00', '2025-06-14 15:23:26.398549+00', '2025-06-14 15:23:26.398549+00', 'started'),
	('0fe59354-b97d-4d66-9271-e28797ba08f7', '586d8cb9-ba19-459b-8e12-bc0c4ca9ba3a', '1edf42bc-9892-4943-bd13-c6249878b6a8', '2025-06-15 15:40:07.293+00', '2025-06-15 15:40:07.915581+00', '2025-06-15 15:40:07.915581+00', 'started'),
	('b82988e8-2269-46b6-a857-669b69f1d028', '586d8cb9-ba19-459b-8e12-bc0c4ca9ba3a', 'd5f29c91-b3d8-4304-9f98-5ab1b4f105bd', '2025-06-15 15:40:25.093+00', '2025-06-15 15:40:10.655884+00', '2025-06-15 15:40:25.093+00', 'completed'),
	('641a53bf-fa25-41eb-893d-72bdeb405a88', 'f3ef37a5-299a-4a80-87d2-949c55d6fbea', '5bf33c2a-263a-492b-9c45-8cb526637922', '2025-06-17 03:17:19.834+00', '2025-06-17 03:17:16.320716+00', '2025-06-17 03:17:19.834+00', 'completed'),
	('6c8a50bb-7c36-40c1-aeef-2a16159e5c21', 'f3ef37a5-299a-4a80-87d2-949c55d6fbea', 'd5f29c91-b3d8-4304-9f98-5ab1b4f105bd', '2025-06-17 03:17:24.376+00', '2025-06-14 15:23:21.22407+00', '2025-06-17 03:17:24.376+00', 'completed'),
	('2d8693e0-2e53-419b-8160-3f3dd7ceb3cd', 'f3ef37a5-299a-4a80-87d2-949c55d6fbea', 'ad7adbf7-12d3-4efb-8d86-1c542569f0b9', '2025-06-17 03:17:26.673+00', '2025-06-17 03:17:27.43466+00', '2025-06-17 03:17:27.43466+00', 'started'),
	('f433c521-28a4-4563-b097-b96fbbfbc308', 'f3ef37a5-299a-4a80-87d2-949c55d6fbea', '95bce71e-b852-41f9-bfde-8caecb92c0f6', '2025-06-17 03:17:54.136+00', '2025-06-17 03:17:53.23294+00', '2025-06-17 03:17:54.136+00', 'completed');


--
-- Data for Name: buckets; Type: TABLE DATA; Schema: storage; Owner: supabase_storage_admin
--

INSERT INTO "storage"."buckets" ("id", "name", "owner", "created_at", "updated_at", "public", "avif_autodetection", "file_size_limit", "allowed_mime_types", "owner_id") VALUES
	('media', 'media', NULL, '2025-06-13 14:25:09.977624+00', '2025-06-13 14:25:09.977624+00', true, false, NULL, NULL, NULL),
	('materials', 'materials', NULL, '2025-06-14 10:35:36.552815+00', '2025-06-14 10:35:36.552815+00', true, false, 52428800, '{application/pdf,application/vnd.openxmlformats-officedocument.wordprocessingml.document,application/vnd.openxmlformats-officedocument.presentationml.presentation,image/jpeg,image/png,image/gif}', NULL),
	('chat_attachments', 'chat_attachments', NULL, '2025-06-14 14:03:29.968687+00', '2025-06-14 14:03:29.968687+00', true, false, NULL, NULL, NULL),
	('gestures', 'gestures', NULL, '2025-06-14 20:18:28.308614+00', '2025-06-14 20:18:28.308614+00', true, false, NULL, NULL, NULL);


--
-- Data for Name: objects; Type: TABLE DATA; Schema: storage; Owner: supabase_storage_admin
--

INSERT INTO "storage"."objects" ("id", "bucket_id", "name", "owner", "created_at", "updated_at", "last_accessed_at", "metadata", "version", "owner_id", "user_metadata") VALUES
	('680c22e1-d681-4d58-8572-2a26d7402477', 'media', 'gesture-contributions/9ac7dc7b-c5b7-4248-a435-29f3c3e38702/1749824757121.jpg', '9ac7dc7b-c5b7-4248-a435-29f3c3e38702', '2025-06-13 14:25:58.433014+00', '2025-06-13 14:25:58.433014+00', '2025-06-13 14:25:58.433014+00', '{"eTag": "\"50873a8e7e41bf1a6171b47fdae4b167\"", "size": 50196, "mimetype": "image/jpeg", "cacheControl": "max-age=3600", "lastModified": "2025-06-13T14:25:59.000Z", "contentLength": 50196, "httpStatusCode": 200}', '0d4d4c33-3686-4377-af97-1781842cbedb', '9ac7dc7b-c5b7-4248-a435-29f3c3e38702', '{}'),
	('4d815c63-7b54-4700-ab36-38fd848fdeb9', 'materials', '36deaa22-fb96-4124-a7d2-10293abb382b/1750002533717_Topic 07 b. Introduction to BIM parameters.pdf', '36deaa22-fb96-4124-a7d2-10293abb382b', '2025-06-15 15:48:55.821871+00', '2025-06-15 15:48:55.821871+00', '2025-06-15 15:48:55.821871+00', '{"eTag": "\"f005644cf29cad16770bd233aba691d3\"", "size": 1921017, "mimetype": "application/pdf", "cacheControl": "max-age=3600", "lastModified": "2025-06-15T15:48:56.000Z", "contentLength": 1921017, "httpStatusCode": 200}', 'ab371213-e9cf-4e9f-8725-efe184664e44', '36deaa22-fb96-4124-a7d2-10293abb382b', '{}'),
	('40bd93f4-bd1a-4aee-86e1-4623979e2508', 'media', 'gesture-contributions/9ac7dc7b-c5b7-4248-a435-29f3c3e38702/1749825654713.jpg', '9ac7dc7b-c5b7-4248-a435-29f3c3e38702', '2025-06-13 14:40:56.020076+00', '2025-06-13 14:40:56.020076+00', '2025-06-13 14:40:56.020076+00', '{"eTag": "\"e147c8e6b9e8af079d384f7f6a4edfec\"", "size": 48510, "mimetype": "image/jpeg", "cacheControl": "max-age=3600", "lastModified": "2025-06-13T14:40:56.000Z", "contentLength": 48510, "httpStatusCode": 200}', '43ca9216-9e41-4d84-bf9a-d3f485efed51', '9ac7dc7b-c5b7-4248-a435-29f3c3e38702', '{}'),
	('5ad805c0-dff6-4481-9c74-207e8b37c371', 'media', 'gesture-contributions/608a33e2-d7f4-4773-bf4a-fa0bfbb9bab2/1749826540020.jpg', '608a33e2-d7f4-4773-bf4a-fa0bfbb9bab2', '2025-06-13 14:55:41.420661+00', '2025-06-13 14:55:41.420661+00', '2025-06-13 14:55:41.420661+00', '{"eTag": "\"25834a2343183ea928b5ca6b146ac3f9\"", "size": 49587, "mimetype": "image/jpeg", "cacheControl": "max-age=3600", "lastModified": "2025-06-13T14:55:42.000Z", "contentLength": 49587, "httpStatusCode": 200}', '108fe918-211a-42ea-b9e9-7322804c5d1a', '608a33e2-d7f4-4773-bf4a-fa0bfbb9bab2', '{}'),
	('48f0a2d7-96a2-4bbb-af4b-8fe0655137ad', 'media', 'gesture-contributions/f3ef37a5-299a-4a80-87d2-949c55d6fbea/1750144858750.jpg', 'f3ef37a5-299a-4a80-87d2-949c55d6fbea', '2025-06-17 07:20:59.691037+00', '2025-06-17 07:20:59.691037+00', '2025-06-17 07:20:59.691037+00', '{"eTag": "\"830002c562bbd83f64f78ad8483fcb9d\"", "size": 51036, "mimetype": "image/jpeg", "cacheControl": "max-age=3600", "lastModified": "2025-06-17T07:21:00.000Z", "contentLength": 51036, "httpStatusCode": 200}', '6e81fcc3-a0bf-4b7c-8964-ed46cbcf341a', 'f3ef37a5-299a-4a80-87d2-949c55d6fbea', '{}'),
	('7e8717d0-87ea-4c4e-887c-4dad0e0c68bf', 'media', 'gesture-contributions/debug-test/1749827125827.mp4', '608a33e2-d7f4-4773-bf4a-fa0bfbb9bab2', '2025-06-13 15:05:30.57925+00', '2025-06-13 15:05:30.57925+00', '2025-06-13 15:05:30.57925+00', '{"eTag": "\"39ae9de2084582ed97057fe4bb3aa293-2\"", "size": 7873711, "mimetype": "video/mp4", "cacheControl": "max-age=3600", "lastModified": "2025-06-13T15:05:31.000Z", "contentLength": 7873711, "httpStatusCode": 200}', '5f2959c9-02c4-4f17-9c1d-1554e5b086b5', '608a33e2-d7f4-4773-bf4a-fa0bfbb9bab2', '{}'),
	('9b6e5b2c-dc68-4114-bab9-a5f094896ecf', 'media', 'gesture-contributions/608a33e2-d7f4-4773-bf4a-fa0bfbb9bab2/1749827167083.webm', '608a33e2-d7f4-4773-bf4a-fa0bfbb9bab2', '2025-06-13 15:06:08.53144+00', '2025-06-13 15:06:08.53144+00', '2025-06-13 15:06:08.53144+00', '{"eTag": "\"7e54dd292d9d4e539598b3f088c18792\"", "size": 211735, "mimetype": "video/webm", "cacheControl": "max-age=3600", "lastModified": "2025-06-13T15:06:09.000Z", "contentLength": 211735, "httpStatusCode": 200}', 'bdf797ee-ee9b-4b57-8a17-2b2de652fd89', '608a33e2-d7f4-4773-bf4a-fa0bfbb9bab2', '{}'),
	('b596f995-7294-4237-81b3-98173871fd32', 'materials', '36deaa22-fb96-4124-a7d2-10293abb382b/.emptyFolderPlaceholder', NULL, '2025-06-14 10:36:32.040322+00', '2025-06-14 10:36:32.040322+00', '2025-06-14 10:36:32.040322+00', '{"eTag": "\"d41d8cd98f00b204e9800998ecf8427e\"", "size": 0, "mimetype": "application/octet-stream", "cacheControl": "max-age=3600", "lastModified": "2025-06-14T10:36:33.000Z", "contentLength": 0, "httpStatusCode": 200}', 'cd62dc8b-4fa5-4b2a-8c1f-7096791c13de', NULL, '{}'),
	('a3099bf1-4a41-4146-b29f-1708c955b14c', 'materials', '36deaa22-fb96-4124-a7d2-10293abb382b/1749897464192_Topic 07 b. Introduction to BIM parameters.pdf', '36deaa22-fb96-4124-a7d2-10293abb382b', '2025-06-14 10:37:46.06932+00', '2025-06-14 10:37:46.06932+00', '2025-06-14 10:37:46.06932+00', '{"eTag": "\"f005644cf29cad16770bd233aba691d3\"", "size": 1921017, "mimetype": "application/pdf", "cacheControl": "max-age=3600", "lastModified": "2025-06-14T10:37:47.000Z", "contentLength": 1921017, "httpStatusCode": 200}', 'e5183b31-2462-4182-8640-a1c478587cd3', '36deaa22-fb96-4124-a7d2-10293abb382b', '{}'),
	('11c96022-fbcc-442d-9acf-b2185bb9cfcd', 'materials', '36deaa22-fb96-4124-a7d2-10293abb382b/1749897617969_Topic 07 b. Introduction to BIM parameters.pdf', '36deaa22-fb96-4124-a7d2-10293abb382b', '2025-06-14 10:40:19.846046+00', '2025-06-14 10:40:19.846046+00', '2025-06-14 10:40:19.846046+00', '{"eTag": "\"f005644cf29cad16770bd233aba691d3\"", "size": 1921017, "mimetype": "application/pdf", "cacheControl": "max-age=3600", "lastModified": "2025-06-14T10:40:20.000Z", "contentLength": 1921017, "httpStatusCode": 200}', 'b8af1ce1-5a8a-41a9-acb4-8cadef3b6aca', '36deaa22-fb96-4124-a7d2-10293abb382b', '{}'),
	('3ab8547f-99be-4e3e-9331-d5262ae144fd', 'materials', '36deaa22-fb96-4124-a7d2-10293abb382b/1749898502632_Topic 07 b. Introduction to BIM parameters.pdf', '36deaa22-fb96-4124-a7d2-10293abb382b', '2025-06-14 10:55:04.404764+00', '2025-06-14 10:55:04.404764+00', '2025-06-14 10:55:04.404764+00', '{"eTag": "\"f005644cf29cad16770bd233aba691d3\"", "size": 1921017, "mimetype": "application/pdf", "cacheControl": "max-age=3600", "lastModified": "2025-06-14T10:55:05.000Z", "contentLength": 1921017, "httpStatusCode": 200}', 'a819382d-d453-445e-a525-ef432bd30800', '36deaa22-fb96-4124-a7d2-10293abb382b', '{}'),
	('835a8212-ac43-4659-8c2b-aad099bd436d', 'media', 'gesture-contributions/f3ef37a5-299a-4a80-87d2-949c55d6fbea/1749904126191.jpg', 'f3ef37a5-299a-4a80-87d2-949c55d6fbea', '2025-06-14 12:28:46.431009+00', '2025-06-14 12:28:46.431009+00', '2025-06-14 12:28:46.431009+00', '{"eTag": "\"e5bc9c8aaa3d49325f6d9bfcaca81194\"", "size": 39788, "mimetype": "image/jpeg", "cacheControl": "max-age=3600", "lastModified": "2025-06-14T12:28:47.000Z", "contentLength": 39788, "httpStatusCode": 200}', 'cb9075b3-6237-466f-baa9-a9088d29ab8b', 'f3ef37a5-299a-4a80-87d2-949c55d6fbea', '{}'),
	('4c3b0a78-84c1-4621-a858-668d52f35ccb', 'media', 'gesture-contributions/f3ef37a5-299a-4a80-87d2-949c55d6fbea/1749905782274.png', 'f3ef37a5-299a-4a80-87d2-949c55d6fbea', '2025-06-14 12:56:24.036053+00', '2025-06-14 12:56:24.036053+00', '2025-06-14 12:56:24.036053+00', '{"eTag": "\"62498ea1823a7892dd4241e8c6beb821\"", "size": 1291503, "mimetype": "image/png", "cacheControl": "max-age=3600", "lastModified": "2025-06-14T12:56:25.000Z", "contentLength": 1291503, "httpStatusCode": 200}', '4a6749e9-a87a-4dd4-ae5f-d9783a4d495e', 'f3ef37a5-299a-4a80-87d2-949c55d6fbea', '{}'),
	('33134b95-7087-49f9-9fde-bb0d10bf6826', 'chat_attachments', '9ac7dc7b-c5b7-4248-a435-29f3c3e38702/1749916351485.pdf', '9ac7dc7b-c5b7-4248-a435-29f3c3e38702', '2025-06-14 15:52:33.784466+00', '2025-06-14 15:52:33.784466+00', '2025-06-14 15:52:33.784466+00', '{"eTag": "\"f005644cf29cad16770bd233aba691d3\"", "size": 1921017, "mimetype": "application/pdf", "cacheControl": "max-age=3600", "lastModified": "2025-06-14T15:52:34.000Z", "contentLength": 1921017, "httpStatusCode": 200}', '6e8a4f89-7883-418a-b2fe-4877d55ee86e', '9ac7dc7b-c5b7-4248-a435-29f3c3e38702', '{}'),
	('0bad653f-f42c-4f4c-995e-696e5e1520cb', 'chat_attachments', 'f3ef37a5-299a-4a80-87d2-949c55d6fbea/1749917697211.png', 'f3ef37a5-299a-4a80-87d2-949c55d6fbea', '2025-06-14 16:15:01.810492+00', '2025-06-14 16:15:01.810492+00', '2025-06-14 16:15:01.810492+00', '{"eTag": "\"41c9d692d2315f690c1d233bab4ea632\"", "size": 1252177, "mimetype": "image/png", "cacheControl": "max-age=3600", "lastModified": "2025-06-14T16:15:02.000Z", "contentLength": 1252177, "httpStatusCode": 200}', '64889950-b607-4a61-be39-8b17cb1b2bcf', 'f3ef37a5-299a-4a80-87d2-949c55d6fbea', '{}'),
	('a88b06ef-60bb-4db4-bf57-800f08b4d090', 'chat_attachments', 'f3ef37a5-299a-4a80-87d2-949c55d6fbea/1749917721640.png', 'f3ef37a5-299a-4a80-87d2-949c55d6fbea', '2025-06-14 16:15:27.292198+00', '2025-06-14 16:15:27.292198+00', '2025-06-14 16:15:27.292198+00', '{"eTag": "\"7952c60c7d90c10f6a33cac9c46a06a2\"", "size": 1223551, "mimetype": "image/png", "cacheControl": "max-age=3600", "lastModified": "2025-06-14T16:15:28.000Z", "contentLength": 1223551, "httpStatusCode": 200}', '07d965af-ba26-40f7-a1f7-8c22c015568b', 'f3ef37a5-299a-4a80-87d2-949c55d6fbea', '{}'),
	('eecfc7b1-68f8-407d-b048-ad4ec4c018f6', 'chat_attachments', 'f3ef37a5-299a-4a80-87d2-949c55d6fbea/1749920473009.png', 'f3ef37a5-299a-4a80-87d2-949c55d6fbea', '2025-06-14 17:01:17.925963+00', '2025-06-14 17:01:17.925963+00', '2025-06-14 17:01:17.925963+00', '{"eTag": "\"41c9d692d2315f690c1d233bab4ea632\"", "size": 1252177, "mimetype": "image/png", "cacheControl": "max-age=3600", "lastModified": "2025-06-14T17:01:18.000Z", "contentLength": 1252177, "httpStatusCode": 200}', 'dc2f88fd-99b4-4c92-8834-bfcc9b4a0116', 'f3ef37a5-299a-4a80-87d2-949c55d6fbea', '{}'),
	('c4230f11-60ef-43c9-bcad-527dfcacd3ca', 'chat_attachments', '36deaa22-fb96-4124-a7d2-10293abb382b/1749920490633.pdf', '36deaa22-fb96-4124-a7d2-10293abb382b', '2025-06-14 17:01:33.341092+00', '2025-06-14 17:01:33.341092+00', '2025-06-14 17:01:33.341092+00', '{"eTag": "\"f005644cf29cad16770bd233aba691d3\"", "size": 1921017, "mimetype": "application/pdf", "cacheControl": "max-age=3600", "lastModified": "2025-06-14T17:01:34.000Z", "contentLength": 1921017, "httpStatusCode": 200}', '22b7703f-9bbc-4e7d-a907-72281d29c8de', '36deaa22-fb96-4124-a7d2-10293abb382b', '{}'),
	('4516aef9-74b7-40a3-97d6-c467e41ed05b', 'gestures', 'public/1749934238530.jpg', '36deaa22-fb96-4124-a7d2-10293abb382b', '2025-06-14 20:50:39.672997+00', '2025-06-14 20:50:39.672997+00', '2025-06-14 20:50:39.672997+00', '{"eTag": "\"ff989f049d8a3c1ad686223e24fc0e77\"", "size": 28578, "mimetype": "image/jpeg", "cacheControl": "max-age=3600", "lastModified": "2025-06-14T20:50:40.000Z", "contentLength": 28578, "httpStatusCode": 200}', '9a411912-e0be-4c71-a80a-485f9e7b7a45', '36deaa22-fb96-4124-a7d2-10293abb382b', '{}'),
	('eda6fd29-af03-42fd-93f6-53bc9165cc94', 'gestures', 'public/1749997454199.png', '36deaa22-fb96-4124-a7d2-10293abb382b', '2025-06-15 14:24:14.744354+00', '2025-06-15 14:24:14.744354+00', '2025-06-15 14:24:14.744354+00', '{"eTag": "\"3721bbd1c8e85348426edcc18f0d8d15\"", "size": 6878, "mimetype": "image/png", "cacheControl": "max-age=3600", "lastModified": "2025-06-15T14:24:15.000Z", "contentLength": 6878, "httpStatusCode": 200}', '61854208-9cca-4f71-9074-5276021dee9d', '36deaa22-fb96-4124-a7d2-10293abb382b', '{}'),
	('6308c783-5726-4e11-a459-672165e3f740', 'gestures', 'public/1749997519353.jpeg', '36deaa22-fb96-4124-a7d2-10293abb382b', '2025-06-15 14:25:20.013933+00', '2025-06-15 14:25:20.013933+00', '2025-06-15 14:25:20.013933+00', '{"eTag": "\"e5b33adf9208d53db573e2f8fa8c79ae\"", "size": 5408, "mimetype": "image/jpeg", "cacheControl": "max-age=3600", "lastModified": "2025-06-15T14:25:20.000Z", "contentLength": 5408, "httpStatusCode": 200}', '1e66a7c2-b390-4b24-8209-3cccb3a2ae7d', '36deaa22-fb96-4124-a7d2-10293abb382b', '{}'),
	('027cc63b-4424-4e9e-8d1d-b36439667b7a', 'gestures', 'public/1749997585157.png', '36deaa22-fb96-4124-a7d2-10293abb382b', '2025-06-15 14:26:25.793933+00', '2025-06-15 14:26:25.793933+00', '2025-06-15 14:26:25.793933+00', '{"eTag": "\"df01ee35abf3d68867ad866bc5a1d351\"", "size": 4310, "mimetype": "image/png", "cacheControl": "max-age=3600", "lastModified": "2025-06-15T14:26:26.000Z", "contentLength": 4310, "httpStatusCode": 200}', 'b6a8b0d5-e171-4df8-b882-512cc4892d75', '36deaa22-fb96-4124-a7d2-10293abb382b', '{}'),
	('aa75074b-6cb1-4e65-9214-5de924895661', 'media', 'gesture-contributions/36deaa22-fb96-4124-a7d2-10293abb382b/1749998533223.jpg', '36deaa22-fb96-4124-a7d2-10293abb382b', '2025-06-15 14:42:13.832901+00', '2025-06-15 14:42:13.832901+00', '2025-06-15 14:42:13.832901+00', '{"eTag": "\"4791d568228e77e6bb6d590618d21be4\"", "size": 39801, "mimetype": "image/jpeg", "cacheControl": "max-age=3600", "lastModified": "2025-06-15T14:42:14.000Z", "contentLength": 39801, "httpStatusCode": 200}', '796445b0-395b-48ae-b853-6a8e9ac821c0', '36deaa22-fb96-4124-a7d2-10293abb382b', '{}'),
	('68504c1f-5b34-418a-9496-21313bb4ea33', 'chat_attachments', 'f3ef37a5-299a-4a80-87d2-949c55d6fbea/1749998781879.png', 'f3ef37a5-299a-4a80-87d2-949c55d6fbea', '2025-06-15 14:46:22.470454+00', '2025-06-15 14:46:22.470454+00', '2025-06-15 14:46:22.470454+00', '{"eTag": "\"df01ee35abf3d68867ad866bc5a1d351\"", "size": 4310, "mimetype": "image/png", "cacheControl": "max-age=3600", "lastModified": "2025-06-15T14:46:23.000Z", "contentLength": 4310, "httpStatusCode": 200}', 'bd55192d-bc99-4cf1-a25c-b9f6f9177c22', 'f3ef37a5-299a-4a80-87d2-949c55d6fbea', '{}'),
	('ce40df08-98dc-4879-8552-770673fdadd2', 'chat_attachments', 'f3ef37a5-299a-4a80-87d2-949c55d6fbea/1749998873343.png', 'f3ef37a5-299a-4a80-87d2-949c55d6fbea', '2025-06-15 14:47:53.930899+00', '2025-06-15 14:47:53.930899+00', '2025-06-15 14:47:53.930899+00', '{"eTag": "\"df01ee35abf3d68867ad866bc5a1d351\"", "size": 4310, "mimetype": "image/png", "cacheControl": "max-age=3600", "lastModified": "2025-06-15T14:47:54.000Z", "contentLength": 4310, "httpStatusCode": 200}', '0aa4e15f-9ffc-4420-9431-fe3d4aea21bc', 'f3ef37a5-299a-4a80-87d2-949c55d6fbea', '{}'),
	('6873d850-c97b-4ffb-8bf8-3191cf9dc739', 'media', 'gesture-contributions/36deaa22-fb96-4124-a7d2-10293abb382b/1750137468269.jpeg', '36deaa22-fb96-4124-a7d2-10293abb382b', '2025-06-17 05:17:49.4754+00', '2025-06-17 05:17:49.4754+00', '2025-06-17 05:17:49.4754+00', '{"eTag": "\"e5b33adf9208d53db573e2f8fa8c79ae\"", "size": 5408, "mimetype": "image/jpeg", "cacheControl": "max-age=3600", "lastModified": "2025-06-17T05:17:50.000Z", "contentLength": 5408, "httpStatusCode": 200}', 'c784ae56-58b9-4520-a830-d72c3a8ffff1', '36deaa22-fb96-4124-a7d2-10293abb382b', '{}'),
	('0c236317-078e-428d-ae8f-4feffaf4afc3', 'media', 'gesture-contributions/f3ef37a5-299a-4a80-87d2-949c55d6fbea/1749999413367.jpeg', 'f3ef37a5-299a-4a80-87d2-949c55d6fbea', '2025-06-15 14:56:53.885278+00', '2025-06-15 14:56:53.885278+00', '2025-06-15 14:56:53.885278+00', '{"eTag": "\"e5b33adf9208d53db573e2f8fa8c79ae\"", "size": 5408, "mimetype": "image/jpeg", "cacheControl": "max-age=3600", "lastModified": "2025-06-15T14:56:54.000Z", "contentLength": 5408, "httpStatusCode": 200}', '32295db1-0a19-4f24-a31f-4876ac49c01c', 'f3ef37a5-299a-4a80-87d2-949c55d6fbea', '{}'),
	('7d2c2c9e-3cb2-40d8-b55e-42437428e5ba', 'media', 'gesture-contributions/36deaa22-fb96-4124-a7d2-10293abb382b/1749999501711.png', '36deaa22-fb96-4124-a7d2-10293abb382b', '2025-06-15 14:58:24.41876+00', '2025-06-15 14:58:24.41876+00', '2025-06-15 14:58:24.41876+00', '{"eTag": "\"d5da9e33f9e69a3c4e6c5416d8a2aded\"", "size": 1291330, "mimetype": "image/png", "cacheControl": "max-age=3600", "lastModified": "2025-06-15T14:58:25.000Z", "contentLength": 1291330, "httpStatusCode": 200}', '7194ba3c-7e3c-48bf-87a6-ff034a949ffb', '36deaa22-fb96-4124-a7d2-10293abb382b', '{}'),
	('6c0a47c6-3fa9-4060-bfa0-b14cf793cc7c', 'media', 'gesture-contributions/36deaa22-fb96-4124-a7d2-10293abb382b/1750137914904.jpg', '36deaa22-fb96-4124-a7d2-10293abb382b', '2025-06-17 05:25:15.786527+00', '2025-06-17 05:25:15.786527+00', '2025-06-17 05:25:15.786527+00', '{"eTag": "\"3a38e6c91e30542e9519dfb3b5c2a09d\"", "size": 46181, "mimetype": "image/jpeg", "cacheControl": "max-age=3600", "lastModified": "2025-06-17T05:25:16.000Z", "contentLength": 46181, "httpStatusCode": 200}', '2c9bc220-14d7-49d2-a9d8-7e02f7ab38bc', '36deaa22-fb96-4124-a7d2-10293abb382b', '{}'),
	('ef2b45b2-6841-491a-8274-b47961b95dd5', 'media', 'gesture-contributions/36deaa22-fb96-4124-a7d2-10293abb382b/1749999643810.png', '36deaa22-fb96-4124-a7d2-10293abb382b', '2025-06-15 15:00:44.477382+00', '2025-06-15 15:00:44.477382+00', '2025-06-15 15:00:44.477382+00', '{"eTag": "\"df01ee35abf3d68867ad866bc5a1d351\"", "size": 4310, "mimetype": "image/png", "cacheControl": "max-age=3600", "lastModified": "2025-06-15T15:00:45.000Z", "contentLength": 4310, "httpStatusCode": 200}', '9afa1959-8ffb-4d87-9cc8-9aa07870e65e', '36deaa22-fb96-4124-a7d2-10293abb382b', '{}'),
	('b9a6db14-04da-4d23-9bbe-f9c9576f5be2', 'media', 'gesture-contributions/9ac7dc7b-c5b7-4248-a435-29f3c3e38702/1749999753955.jpg', '9ac7dc7b-c5b7-4248-a435-29f3c3e38702', '2025-06-15 15:02:34.810926+00', '2025-06-15 15:02:34.810926+00', '2025-06-15 15:02:34.810926+00', '{"eTag": "\"e513da43725e2502b914de3a9f4074f2\"", "size": 92201, "mimetype": "image/jpeg", "cacheControl": "max-age=3600", "lastModified": "2025-06-15T15:02:35.000Z", "contentLength": 92201, "httpStatusCode": 200}', '51ef4f33-85e8-4e72-a6e1-69fa4344dd9d', '9ac7dc7b-c5b7-4248-a435-29f3c3e38702', '{}'),
	('464cc25c-1eec-4c2c-9132-c48f0beabe45', 'media', 'gesture-contributions/f3ef37a5-299a-4a80-87d2-949c55d6fbea/1750138107435.png', 'f3ef37a5-299a-4a80-87d2-949c55d6fbea', '2025-06-17 05:28:28.526571+00', '2025-06-17 05:28:28.526571+00', '2025-06-17 05:28:28.526571+00', '{"eTag": "\"df01ee35abf3d68867ad866bc5a1d351\"", "size": 4310, "mimetype": "image/png", "cacheControl": "max-age=3600", "lastModified": "2025-06-17T05:28:29.000Z", "contentLength": 4310, "httpStatusCode": 200}', 'b2bca05c-837c-49ba-89fd-bf2d3fc0244c', 'f3ef37a5-299a-4a80-87d2-949c55d6fbea', '{}'),
	('94c2c13f-4a95-417a-a168-560a9aafb3b2', 'media', 'gesture-contributions/9ac7dc7b-c5b7-4248-a435-29f3c3e38702/1750000065370.jpg', '9ac7dc7b-c5b7-4248-a435-29f3c3e38702', '2025-06-15 15:07:46.250268+00', '2025-06-15 15:07:46.250268+00', '2025-06-15 15:07:46.250268+00', '{"eTag": "\"e513da43725e2502b914de3a9f4074f2\"", "size": 92201, "mimetype": "image/jpeg", "cacheControl": "max-age=3600", "lastModified": "2025-06-15T15:07:47.000Z", "contentLength": 92201, "httpStatusCode": 200}', 'c9450f25-f407-41ee-909e-af0ddfb001fa', '9ac7dc7b-c5b7-4248-a435-29f3c3e38702', '{}'),
	('9b8f8bfe-991b-406e-a0ac-526f2e00b815', 'materials', '36deaa22-fb96-4124-a7d2-10293abb382b/1750149330511_WIF3009_PFSC_SEM2_2025_AA.pdf', '36deaa22-fb96-4124-a7d2-10293abb382b', '2025-06-17 08:35:31.788056+00', '2025-06-17 08:35:31.788056+00', '2025-06-17 08:35:31.788056+00', '{"eTag": "\"33dd49834bea5a7bf6c630f3cefaad95\"", "size": 451869, "mimetype": "application/pdf", "cacheControl": "max-age=3600", "lastModified": "2025-06-17T08:35:32.000Z", "contentLength": 451869, "httpStatusCode": 200}', '3716d889-cce7-4f31-8913-975e76ae51a9', '36deaa22-fb96-4124-a7d2-10293abb382b', '{}'),
	('66fc0d59-3815-4fa9-b5a8-d810ae24efa7', 'media', 'gesture-contributions/f3ef37a5-299a-4a80-87d2-949c55d6fbea/1750000536624.png', 'f3ef37a5-299a-4a80-87d2-949c55d6fbea', '2025-06-15 15:15:37.243905+00', '2025-06-15 15:15:37.243905+00', '2025-06-15 15:15:37.243905+00', '{"eTag": "\"df01ee35abf3d68867ad866bc5a1d351\"", "size": 4310, "mimetype": "image/png", "cacheControl": "max-age=3600", "lastModified": "2025-06-15T15:15:38.000Z", "contentLength": 4310, "httpStatusCode": 200}', '67cfbd7d-bf39-429e-9c1c-d83f6cbb9037', 'f3ef37a5-299a-4a80-87d2-949c55d6fbea', '{}'),
	('943f69ef-05d1-4ca4-bc90-99ce6d66b34d', 'media', 'gesture-contributions/f3ef37a5-299a-4a80-87d2-949c55d6fbea/1750001152137.jpg', 'f3ef37a5-299a-4a80-87d2-949c55d6fbea', '2025-06-15 15:25:52.75526+00', '2025-06-15 15:25:52.75526+00', '2025-06-15 15:25:52.75526+00', '{"eTag": "\"e73b02467f0b785215ac0e080deb0767\"", "size": 39620, "mimetype": "image/jpeg", "cacheControl": "max-age=3600", "lastModified": "2025-06-15T15:25:53.000Z", "contentLength": 39620, "httpStatusCode": 200}', '7c618b03-018e-4974-98a8-252ea270f44b', 'f3ef37a5-299a-4a80-87d2-949c55d6fbea', '{}'),
	('3ee61f84-bce6-451e-ad8b-f9e6e577bc80', 'media', 'gesture-contributions/f3ef37a5-299a-4a80-87d2-949c55d6fbea/1750001240248.jpg', 'f3ef37a5-299a-4a80-87d2-949c55d6fbea', '2025-06-15 15:27:20.868184+00', '2025-06-15 15:27:20.868184+00', '2025-06-15 15:27:20.868184+00', '{"eTag": "\"6dbdcec8395ba0e5c836a392a76ac9e8\"", "size": 38996, "mimetype": "image/jpeg", "cacheControl": "max-age=3600", "lastModified": "2025-06-15T15:27:21.000Z", "contentLength": 38996, "httpStatusCode": 200}', '25a67672-6493-4be6-b5a1-3a722284f9bb', 'f3ef37a5-299a-4a80-87d2-949c55d6fbea', '{}'),
	('ddfd8867-115d-433d-a2bd-c4071c616d04', 'gestures', 'public/1750139824034.jpg', '36deaa22-fb96-4124-a7d2-10293abb382b', '2025-06-17 05:57:05.047836+00', '2025-06-17 05:57:05.047836+00', '2025-06-17 05:57:05.047836+00', '{"eTag": "\"bf14bc3a637b2d754b45b3559625e0c6\"", "size": 60633, "mimetype": "image/jpeg", "cacheControl": "max-age=3600", "lastModified": "2025-06-17T05:57:05.000Z", "contentLength": 60633, "httpStatusCode": 200}', 'dbf2392f-d333-4cbd-be83-f2a5550c4e3e', '36deaa22-fb96-4124-a7d2-10293abb382b', '{}'),
	('5177ee0b-a798-4a8d-a3cf-39011a395f55', 'materials', '36deaa22-fb96-4124-a7d2-10293abb382b/1750002336180_Topic 07 b. Introduction to BIM parameters.pdf', '36deaa22-fb96-4124-a7d2-10293abb382b', '2025-06-15 15:45:38.993955+00', '2025-06-15 15:45:38.993955+00', '2025-06-15 15:45:38.993955+00', '{"eTag": "\"f005644cf29cad16770bd233aba691d3\"", "size": 1921017, "mimetype": "application/pdf", "cacheControl": "max-age=3600", "lastModified": "2025-06-15T15:45:39.000Z", "contentLength": 1921017, "httpStatusCode": 200}', 'bcd05ea3-e3ba-4654-858a-9f7d8bcd6e8e', '36deaa22-fb96-4124-a7d2-10293abb382b', '{}'),
	('5ec780e9-ce74-4c88-a84c-40a695bcc6e1', 'gestures', 'public/1750139870939.png', '36deaa22-fb96-4124-a7d2-10293abb382b', '2025-06-17 05:57:55.684982+00', '2025-06-17 05:57:55.684982+00', '2025-06-17 05:57:55.684982+00', '{"eTag": "\"51cbe38f037a7c735a4499570ae0e3f4\"", "size": 1673667, "mimetype": "image/png", "cacheControl": "max-age=3600", "lastModified": "2025-06-17T05:57:56.000Z", "contentLength": 1673667, "httpStatusCode": 200}', '6545e63c-fd8c-4e92-adda-bea714d2ba4f', '36deaa22-fb96-4124-a7d2-10293abb382b', '{}'),
	('7f5615a6-0f4e-41ee-9505-e95a9a2c6def', 'media', 'gesture-contributions/36deaa22-fb96-4124-a7d2-10293abb382b/1750139956418.jpg', '36deaa22-fb96-4124-a7d2-10293abb382b', '2025-06-17 05:59:17.431312+00', '2025-06-17 05:59:17.431312+00', '2025-06-17 05:59:17.431312+00', '{"eTag": "\"1e60db3e88075664ba4921fc45a9d96b\"", "size": 52090, "mimetype": "image/jpeg", "cacheControl": "max-age=3600", "lastModified": "2025-06-17T05:59:18.000Z", "contentLength": 52090, "httpStatusCode": 200}', '3f603fe8-a740-4854-8063-37bedea8b633', '36deaa22-fb96-4124-a7d2-10293abb382b', '{}'),
	('a31e03d7-0562-48e7-95fb-e798892499fb', 'gestures', 'public/1750140016774.jpeg', '36deaa22-fb96-4124-a7d2-10293abb382b', '2025-06-17 06:00:17.751489+00', '2025-06-17 06:00:17.751489+00', '2025-06-17 06:00:17.751489+00', '{"eTag": "\"e5b33adf9208d53db573e2f8fa8c79ae\"", "size": 5408, "mimetype": "image/jpeg", "cacheControl": "max-age=3600", "lastModified": "2025-06-17T06:00:18.000Z", "contentLength": 5408, "httpStatusCode": 200}', 'eb17363a-259a-4f07-a9d0-9e310a115088', '36deaa22-fb96-4124-a7d2-10293abb382b', '{}'),
	('f48506ab-1021-4891-ad19-3f8063da9267', 'media', 'gesture-contributions/f3ef37a5-299a-4a80-87d2-949c55d6fbea/1750140074482.png', 'f3ef37a5-299a-4a80-87d2-949c55d6fbea', '2025-06-17 06:01:15.47815+00', '2025-06-17 06:01:15.47815+00', '2025-06-17 06:01:15.47815+00', '{"eTag": "\"3721bbd1c8e85348426edcc18f0d8d15\"", "size": 6878, "mimetype": "image/png", "cacheControl": "max-age=3600", "lastModified": "2025-06-17T06:01:16.000Z", "contentLength": 6878, "httpStatusCode": 200}', '104db312-171b-47a3-86c6-efe95e46920e', 'f3ef37a5-299a-4a80-87d2-949c55d6fbea', '{}'),
	('4b96a50d-4cb2-418e-ae50-78d7c5f1b42f', 'media', 'gesture-contributions/f3ef37a5-299a-4a80-87d2-949c55d6fbea/1750140123099.jpeg', 'f3ef37a5-299a-4a80-87d2-949c55d6fbea', '2025-06-17 06:02:04.00013+00', '2025-06-17 06:02:04.00013+00', '2025-06-17 06:02:04.00013+00', '{"eTag": "\"e5b33adf9208d53db573e2f8fa8c79ae\"", "size": 5408, "mimetype": "image/jpeg", "cacheControl": "max-age=3600", "lastModified": "2025-06-17T06:02:04.000Z", "contentLength": 5408, "httpStatusCode": 200}', '751f7557-6880-4613-b340-be8947be7413', 'f3ef37a5-299a-4a80-87d2-949c55d6fbea', '{}'),
	('a84c3664-e026-4099-91fe-56a4e606ddf7', 'media', 'gesture-contributions/f3ef37a5-299a-4a80-87d2-949c55d6fbea/1750149493835.jpg', 'f3ef37a5-299a-4a80-87d2-949c55d6fbea', '2025-06-17 08:38:15.120429+00', '2025-06-17 08:38:15.120429+00', '2025-06-17 08:38:15.120429+00', '{"eTag": "\"896c753d9d00596aad229eebc8030f72\"", "size": 55561, "mimetype": "image/jpeg", "cacheControl": "max-age=3600", "lastModified": "2025-06-17T08:38:16.000Z", "contentLength": 55561, "httpStatusCode": 200}', 'e135e412-2c7a-4bb4-950a-f6a20fd0c235', 'f3ef37a5-299a-4a80-87d2-949c55d6fbea', '{}'),
	('9726a632-424f-4e45-ac2c-17695c4a96ee', 'chat_attachments', 'f3ef37a5-299a-4a80-87d2-949c55d6fbea/1750149605599.jpg', 'f3ef37a5-299a-4a80-87d2-949c55d6fbea', '2025-06-17 08:40:06.7999+00', '2025-06-17 08:40:06.7999+00', '2025-06-17 08:40:06.7999+00', '{"eTag": "\"bf14bc3a637b2d754b45b3559625e0c6\"", "size": 60633, "mimetype": "image/jpeg", "cacheControl": "max-age=3600", "lastModified": "2025-06-17T08:40:07.000Z", "contentLength": 60633, "httpStatusCode": 200}', '42a918e9-c6ec-401e-99df-71fff237c1cc', 'f3ef37a5-299a-4a80-87d2-949c55d6fbea', '{}');


--
-- Data for Name: s3_multipart_uploads; Type: TABLE DATA; Schema: storage; Owner: supabase_storage_admin
--



--
-- Data for Name: s3_multipart_uploads_parts; Type: TABLE DATA; Schema: storage; Owner: supabase_storage_admin
--



--
-- Name: refresh_tokens_id_seq; Type: SEQUENCE SET; Schema: auth; Owner: supabase_auth_admin
--

SELECT pg_catalog.setval('"auth"."refresh_tokens_id_seq"', 303, true);


--
-- Name: gesture_categories_id_seq; Type: SEQUENCE SET; Schema: public; Owner: postgres
--

SELECT pg_catalog.setval('"public"."gesture_categories_id_seq"', 30, true);


--
-- Name: gestures_id_seq; Type: SEQUENCE SET; Schema: public; Owner: postgres
--

SELECT pg_catalog.setval('"public"."gestures_id_seq"', 11, true);


--
-- PostgreSQL database dump complete
--

RESET ALL;
